ID,Owner,Address,RegCap,Location 1
1,Private,2110 Market St,13,"(37.767378, -122.429344)"
2,SFMTA,993 Potrero,34,"(37.757272, -122.40632)"
3,Port of SF,601 Terry A Francois Blvd,72,"(37.770135, -122.385801)"
4,Private,11 SOUTH VAN NESS,130,"(37.77415, -122.418402)"
5,Private,101 CALIFORNIA ST,250,"(37.793243, -122.397495)"
6,Private,2000 POST ST,304,"(37.785078, -122.434745)"
7,Private,600 CALIFORNIA ST,197,"(37.792779, -122.404392)"
8,Private,35 GILBERT ST,80,"(37.774337, -122.403257)"
9,Private,2355 POST ST,50,"(37.78397, -122.440218)"
10,RPD,801 STANYAN ST,324,"(37.767202, -122.453432)"
11,Private,2300 STOCKTON ST,200,"(37.807107, -122.410072)"
12,Private,1 MARKET ST,160,"(37.794191, -122.394409)"
13,Port of SF,100 The Embarcadero,100,"(37.794444, -122.391835)"
14,Private,1101 California St,500,"(37.791355, -122.412394)"
15,Private,1390 Market St,401,"(37.777332, -122.417114)"
16,Private,150 CALIFORNIA ST,35,"(37.793588, -122.398056)"
17,Private,153 TOWNSEND ST,371,"(37.779602, -122.391181)"
18,Private,1700 California St,155,"(37.790504, -122.422345)"
19,Private,185 BERRY ST,268,"(37.775972, -122.392503)"
20,Private,199 BEALE ST,81,"(37.790147, -122.394056)"
21,Private,333 MARKET ST,120,"(37.791931, -122.397284)"
22,Private,405 HOWARD ST,160,"(37.788948, -122.394895)"
23,Private,410 Townsend St,48,"(37.775111, -122.397604)"
24,Private,500 BEACH ST,575,"(37.807207, -122.417277)"
25,Port of SF,501 The Embarcadero,77,"(37.79995, -122.398604)"
26,Private,55 FRANCISCO ST,400,"(37.805308, -122.406049)"
27,Private,580 CALIFORNIA ST,28,"(37.792845, -122.403885)"
28,Private,644 GEARY ST,95,"(37.786789, -122.413768)"
29,Private,75 HOWARD ST,515,"(37.791465, -122.391712)"
30,Private,750 KEARNY ST,500,"(37.794997, -122.404456)"
31,Private,900 NORTH POINT ST,280,"(37.806192, -122.422413)"
32,Private,901 ILLINOIS ST,150,"(37.760264, -122.387094)"
33,Private,5400 GEARY BLVD,18,"(37.780612, -122.477003)"
34,Private,347 18th Ave,52,"(37.781387, -122.47738)"
35,Private,1515 SCOTT ST,90,"(37.783953, -122.438111)"
36,Private,2175 MARKET ST,12,"(37.766205, -122.429913)"
37,Private,721 Filbert St,75,"(37.800838, -122.411435)"
38,Private,101 02ND ST,70,"(37.788063, -122.399371)"
39,Private,101 LOMBARD ST,530,"(37.803759, -122.403284)"
40,Private,120 HOWARD ST,83,"(37.791226, -122.39275)"
41,Private,123 MISSION ST,84,"(37.792149, -122.393933)"
42,Private,150 Sacramento St,676,"(37.794666, -122.397052)"
43,Private,155 Sutter St,120,"(37.789661, -122.402956)"
44,Private,1650 MISSION ST,86,"(37.771641, -122.419414)"
45,Private,201 CALIFORNIA ST,30,"(37.793093, -122.398668)"
46,Private,201 SPEAR ST,90,"(37.791284, -122.391995)"
47,Private,2186 GEARY BLVD,120,"(37.783669, -122.43875)"
48,Private,220 BUSH ST,150,"(37.791273, -122.401069)"
49,Private,235 MONTGOMERY ST,312,"(37.791239, -122.402519)"
50,Private,250 Sacramento St,664,"(37.794514, -122.398244)"
51,Port of SF,250 The Embarcadero,77,"(37.797017, -122.396118)"
52,Private,255 CALIFORNIA ST,45,"(37.793027, -122.399187)"
53,Private,2550 POWELL ST,980,"(37.808056, -122.41172)"
54,Private,260 Ofarrell St,70,"(37.78643, -122.408961)"
55,Private,325 MASON ST,640,"(37.78635, -122.409795)"
56,Private,333 BUSH ST,150,"(37.790612, -122.402985)"
57,Private,333 OFARRELL ST,500,"(37.785877, -122.410046)"
58,Private,335 POWELL ST (really on Geary),250,"(37.787634, -122.40836)"
59,Private,343 SANSOME ST,76,"(37.793508, -122.4013)"
60,Private,345 CALIFORNIA ST,180,"(37.79289, -122.400264)"
61,Private,350 07TH AVE,79,"(37.781965, -122.464796)"
62,Private,350 RHODE ISLAND ST,367,"(37.765354, -122.402692)"
63,Private,350 Sacramento St,558,"(37.794364, -122.39942)"
64,Private,388 MARKET ST,50,"(37.791966, -122.398143)"
65,Private,395 03rd ST,94,"(37.78275, -122.397136)"
66,Private,400 Howard St,200,"(37.789263, -122.395232)"
67,Private,425 MARKET ST,126,"(37.791286, -122.398104)"
68,Private,439 Spear St,235,"(37.788556, -122.38858)"
69,Private,455 MARKET ST,120,"(37.791109, -122.398327)"
70,Private,475 BRANNAN ST,200,"(37.77872, -122.395415)"
71,Private,50 BEALE St,90,"(37.791586, -122.396592)"
72,Private,50 CALIFORNIA ST,78,"(37.793742, -122.396851)"
73,Private,50 FREMONT ST,230,"(37.790896, -122.397471)"
74,Private,501 POST ST,74,"(37.78781, -122.40999)"
75,Private,51 Clay St,240,"(37.795291, -122.395949)"
76,Private,555 MARKET ST,80,"(37.789843, -122.399941)"
77,Private,601 VAN NESS AVE,560,"(37.780913, -122.420523)"
78,Private,610 HARRISON ST,300,"(37.784211, -122.395405)"
79,Private,650 KING ST,325,"(37.770589, -122.401611)"
80,Private,75 HAWTHORNE ST,125,"(37.78513, -122.397899)"
81,Private,750 BATTERY St,69,"(37.79811, -122.400513)"
82,Private,1270 MISSION ST,100,"(37.776761, -122.414309)"
83,Private,3500 19th ST,20,"(37.760252, -122.421627)"
84,Private,955 Sansome St,250,"(37.798865, -122.402399)"
85,Private,635 08th St,472,"(37.770928, -122.404467)"
86,Private,100 HENRY ADAMS ST,115,"(37.768401, -122.403931)"
87,Private,40 RHODE ISLAND ST,70,"(37.769274, -122.40306)"
88,Private,55 DIVISION ST,57,"(37.769548, -122.403298)"
89,Private,400 Tunnel Ave,38,"(37.709423, -122.401398)"
90,Private,525 JONES ST,60,"(37.785987, -122.413093)"
91,Private,350 03rd ST,150,"(37.783063, -122.398261)"
92,Private,706 COLUMBUS AVE,10,"(37.801358, -122.411197)"
93,Private,60 SPEAR ST,11,"(37.792852, -122.394689)"
94,Private,2100 WEBSTER ST,400,"(37.790116, -122.431956)"
95,Private,2300 CALIFORNIA ST,43,"(37.78926, -122.43213)"
96,Private,2405 CLAY ST,415,"(37.790643, -122.432532)"
97,Private,3620 CALIFORNIA ST,25,"(37.786576, -122.453962)"
98,Private,3838 CALIFORNIA ST,192,"(37.786036, -122.457464)"
99,Private,3905 SACRAMENTO ST,47,"(37.786636, -122.45696)"
100,Private,45 CASTRO ST,209,"(37.7678, -122.435021)"
101,Private,460 CHERRY ST,275,"(37.786365, -122.456317)"
102,Private,1 FRANKLIN ST,50,"(37.774258, -122.420836)"
103,Private,110 FRANKLIN ST,43,"(37.77534, -122.420539)"
104,Private,2351 MISSION ST,87,"(37.759224, -122.418222)"
105,Private,24 FLORIDA ST,90,"(37.767881, -122.41187)"
106,Private,3115 MISSION St,110,"(37.74756, -122.4181)"
107,Private,39 GROVE ST,12,"(37.778488, -122.41571)"
108,Private,400 TAYLOR ST,96,"(37.786159, -122.410943)"
109,Private,470 BRANNAN ST,117,"(37.778896, -122.395927)"
110,Private,525 MARKET ST,65,"(37.790276, -122.39939)"
111,Private,555 JACKSON ST,125,"(37.796016, -122.404461)"
112,Private,611 Green St,22,"(37.799204, -122.409083)"
113,Private,625 MINNA ST,50,"(37.778102, -122.410645)"
114,Private,655 MINNA ST,20,"(37.777636, -122.411232)"
115,Private,660 SUTTER ST,27,"(37.789049, -122.411063)"
116,Private,665 SUTTER ST,180,"(37.788635, -122.411034)"
117,Private,730 HARRISON ST,124,"(37.781973, -122.398239)"
118,Private,768 SANSOME ST,130,"(37.797265, -122.401547)"
119,Private,8 LELAND ST,44,"(37.711395, -122.403595)"
120,Private,847 Front St,90,"(37.799102, -122.400031)"
121,Private,650 GILMAN AVE,184,"(37.715708, -122.383139)"
122,Private,118 Hawthorne St,26,"(37.78417, -122.397422)"
123,Private,1 SHRADER ST,229,"(37.774796, -122.453051)"
124,Private,2235 HAYES ST,132,"(37.772775, -122.453021)"
125,Private,2250 HAYES ST,74,"(37.773491, -122.453826)"
126,Private,1 CALIFORNIA ST,160,"(37.793397, -122.396281)"
127,Private,1000 VAN NESS AVE,480,"(37.784997, -122.420162)"
128,Private,101 POLK ST,60,"(37.777618, -122.418194)"
129,Private,1062 Front St,150,"(37.801086, -122.39975)"
130,Private,1150 POST ST,183,"(37.786877, -122.420614)"
131,Private,1340 BUSH ST,49,"(37.788975, -122.419211)"
132,Private,1735 The Embarcadero,220,"(37.808636, -122.413716)"
133,Private,2 BAY ST,120,"(37.806646, -122.406227)"
134,Private,350 PACIFIC AVE,55,"(37.797734, -122.401313)"
135,UCSF,350 PARNASSUS AVE,210,"(37.764336, -122.455876)"
136,Private,356 HARRIET ST,70,"(37.774736, -122.402197)"
137,Private,40 Pier Fifteen,80,"(37.801496, -122.398232)"
138,Private,40 Pier Twentyseven,400,"(37.804874, -122.401683)"
139,Private,40 Pier Twentythree,140,"(37.803099, -122.399996)"
140,Port of SF,50 BROADWAY,270,"(37.799242, -122.398296)"
141,Private,550 KEARNY ST,82,"(37.793096, -122.404072)"
142,Private,555 CALIFORNIA ST,500,"(37.792479, -122.403491)"
143,Private,71 STEVENSON ST,70,"(37.789169, -122.399747)"
144,Private,825 SANSOME ST,250,"(37.797698, -122.402163)"
145,Private,850 Front St,120,"(37.799346, -122.399539)"
146,Private,99 GOLDEN GATE AVE,120,"(37.78186, -122.411679)"
147,Private,700 EDDY ST,14,"(37.783236, -122.419196)"
148,Private,215 Fremont St,40,"(37.789113, -122.394501)"
149,Private,1140 POWELL ST,40,"(37.795097, -122.409351)"
150,Private,1140 FOLSOM ST,47,"(37.776088, -122.408792)"
151,Private,1 Front St,340,"(37.791578, -122.398327)"
152,Private,100 Bush St,130,"(37.791467, -122.39954)"
153,Private,1199 BUSH ST,50,"(37.78888, -122.416621)"
154,Private,1220 BUSH ST,100,"(37.789213, -122.417298)"
155,Private,1234 Pine St,100,"(37.790331, -122.416032)"
156,Private,125 03rd ST,200,"(37.786037, -122.401257)"
157,Private,25 10th St,291,"(37.776378, -122.416676)"
158,Private,147 MINNA ST,410,"(37.786521, -122.399982)"
159,Private,199 FREMONT ST,118,"(37.789375, -122.39483)"
160,Private,22 04th ST,82,"(37.785264, -122.405469)"
161,SFRA,223 STEVENSON ST,350,"(37.786138, -122.40344)"
162,Private,225 BUSH ST,86,"(37.790866, -122.400986)"
163,Private,240 PACIFIC AVE,29,"(37.797852, -122.400267)"
164,Private,25 BEACH ST,65,"(37.807787, -122.409301)"
165,Private,29 BRADY ST,268,"(37.773165, -122.420277)"
166,Private,303 02ND ST,358,"(37.785555, -122.396225)"
167,Private,333 03rd St,363,"(37.783516, -122.398097)"
168,Private,3490 CALIFORNIA ST,80,"(37.786809, -122.451339)"
169,Private,450 NORTH POINT ST,66,"(37.806589, -122.414807)"
170,Private,475 SANSOME ST,210,"(37.794553, -122.401512)"
171,Private,500 HOWARD ST,110,"(37.788484, -122.396218)"
172,Private,505 MONTGOMERY ST,50,"(37.793772, -122.403039)"
173,Private,55 HAWTHORNE ST,280,"(37.785331, -122.398154)"
174,Private,550 CALIFORNIA ST,200,"(37.792917, -122.40333)"
175,Private,580 BRANNAN ST,146,"(37.777101, -122.398199)"
176,Private,600 MONTGOMERY ST,318,"(37.794692, -122.402701)"
177,Private,750 Front St,200,"(37.798261, -122.399335)"
178,Private,795 FOLSOM ST,120,"(37.781951, -122.400634)"
179,Private,80 Francisco St,526,"(37.80574, -122.406466)"
180,Private,999 CALIFORNIA ST,80,"(37.791604, -122.410422)"
181,Private,160 JEFFERSON ST,250,"(37.808429, -122.415214)"
182,Private,1230 Carroll Ave,150,"(37.720762, -122.385344)"
183,Private,25 Arelious Walker Dr,180,"(37.718656, -122.385272)"
184,Private,528 Gilman Ave,815,"(37.715523, -122.382802)"
185,Private,690 Egbert Ave,1125,"(37.717289, -122.382635)"
186,Private,76 Arelious Walker Dr,900,"(37.717781, -122.385961)"
187,Private,626 GREEN ST,18,"(37.799588, -122.409371)"
188,Private,455 North Point St,110,"(37.806189, -122.414445)"
189,Private,450 10th St,500,"(37.770591, -122.411002)"
190,Private,5200 GEARY BLVD,150,"(37.780701, -122.474839)"
191,Private,600 The EMBARCADERO,50,"(37.782798, -122.388456)"
192,Private,1021 MISSION ST,60,"(37.780314, -122.408922)"
193,Private,1310 Fillmore Street,112,"(37.78158, -122.431917)"
194,Private,160 SPEAR ST,37,"(37.791621, -122.393148)"
195,Private,606 CAPP ST,30,"(37.756711, -122.417908)"
196,Private,818 LEAVENWORTH ST,90,"(37.788603, -122.414785)"
197,Private,210 TAYLOR ST,129,"(37.784339, -122.410454)"
198,Private,25 Mason St,140,"(37.783573, -122.409206)"
199,Private,1375 FILLMORE ST,200,"(37.781996, -122.432527)"
200,Private,51 Hagiwara Tea Garden Dr,800,"(37.770372, -122.467449)"
201,Private,833 BRYANT ST,90,"(37.775276, -122.402871)"
202,Private,622 WASHINGTON ST,60,"(37.795597, -122.403894)"
203,GGNRA,3698 Laguna St,437,"(37.805093, -122.4316)"
204,Private,760 BRYANT ST,35,"(37.776908, -122.401542)"
205,GG Bridge Authority,3 Transit Facility,81,"(37.807699, -122.474081)"
206,GG Bridge Authority,25 Battery Cranston,164,"(37.806308, -122.475697)"
207,Private,1051 TAYLOR ST,132,"(37.792017, -122.412623)"
208,Private,325 GROVE ST,25,"(37.777708, -122.421777)"
209,Private,550 OFARRELL ST,40,"(37.78584, -122.413658)"
210,Private,433 MASON ST,110,"(37.787537, -122.410033)"
211,Private,155 STEUART ST,15,"(37.792666, -122.391977)"
212,Private,40 Pier Three,180,"(37.797931, -122.394909)"
213,Private,770 BROADWAY,40,"(37.797642, -122.409598)"
214,Presidio,1115 Gorgas Ave,419,"(37.801439, -122.450057)"
215,Private,100 FOLSOM ST,48,"(37.790098, -122.391053)"
216,Private,1050 03rd St,150,"(37.775349, -122.390012)"
217,Private,1099 03rd St,2501,"(37.775409, -122.388605)"
218,Private,1537 MISSION ST,25,"(37.77355, -122.417375)"
219,Private,179 EDDY ST,40,"(37.783985, -122.409967)"
220,Private,1750 FULTON ST,240,"(37.776062, -122.445491)"
221,Private,2210 STOCKTON ST,150,"(37.806182, -122.409899)"
222,Private,2291 STOCKTON ST,200,"(37.806728, -122.410533)"
223,Private,350 BAY ST,353,"(37.805876, -122.412641)"
224,Private,350 BEACH ST,241,"(37.807533, -122.41466)"
225,Private,40 Pier Thirty,998,"(37.786579, -122.386544)"
226,Private,425 BROADWAY,70,"(37.797916, -122.40407)"
227,Private,55 BRYANT ST,293,"(37.786554, -122.388448)"
228,Private,788 HARRISON ST,180,"(37.781113, -122.399327)"
229,Private,1898 VAN NESS AVE,50,"(37.7931, -122.422423)"
230,Private,2190 OFARRELL ST,410,"(37.782429, -122.440539)"
231,Private,2238 GEARY BLVD,366,"(37.783447, -122.440014)"
232,Private,4141 GEARY BLVD,328,"(37.780234, -122.463375)"
233,Private,3657 SACRAMENTO ST,40,"(37.787184, -122.452633)"
234,Private,125 STEVENSON ST,180,"(37.788339, -122.400801)"
235,Private,111 Woodside Ave,206,"(37.746855, -122.456691)"
236,Private,728 PACIFIC AVE,60,"(37.797002, -122.407127)"
237,Private,1080 SUTTER ST,55,"(37.788174, -122.417912)"
238,Private,11 Oak St,30,"(37.775135, -122.419451)"
239,Private,1333 CASTRO ST,21,"(37.75098, -122.433611)"
240,Private,1636 Powell St,70,"(37.799657, -122.410273)"
241,Private,2238 CLEMENT ST,25,"(37.78226, -122.482998)"
242,Private,301 06TH ST,54,"(37.778559, -122.405187)"
243,Private,400 03rd ST,60,"(37.782317, -122.397325)"
244,Private,450 05th ST,140,"(37.778334, -122.401205)"
245,Private,725 HARRISON ST,60,"(37.781832, -122.397681)"
246,Private,75 NATOMA ST,32,"(37.787622, -122.397654)"
247,Private,900 SANSOME ST,100,"(37.79851, -122.401802)"
248,Private,2300 SUTTER ST,50,"(37.785593, -122.438224)"
249,Private,401 MAIN ST,300,"(37.788108, -122.389791)"
250,Private,1401 MISSION ST,50,"(37.774961, -122.415697)"
251,Private,541 ELLIS ST,25,"(37.784305, -122.414997)"
252,Private,681 Green St,22,"(37.799097, -122.410015)"
253,Private,2299 POST ST,24,"(37.784126, -122.439158)"
254,Private,178 Townsend ST,80,"(37.779466, -122.392089)"
255,Private,655 MONTGOMERY ST,75,"(37.795063, -122.403304)"
256,Private,443 DIVISADERO ST,10,"(37.773457, -122.437617)"
257,Private,2601 MARIPOSA ST,100,"(37.762792, -122.409462)"
258,Private,1650 WEBSTER ST,51,"(37.785845, -122.430932)"
259,Private,1391 Sutter St,68,"(37.787122, -122.422901)"
260,Private,200 13th St,34,"(37.77007, -122.417702)"
261,Private,2927 Larkin ST,94,"(37.804892, -122.421925)"
262,Private,425 Divisadero St,38,"(37.773319, -122.43759)"
263,Private,680 Stanyan St,38,"(37.769407, -122.453164)"
264,Private,3865 24TH ST,29,"(37.751362, -122.428709)"
265,Private,560 Mission St,210,"(37.788878, -122.398813)"
266,Private,2310 POWELL ST,284,"(37.80598, -122.411539)"
267,Private,423 BEACH ST,23,"(37.806968, -122.415846)"
268,Private,1800 HAIGHT ST,17,"(37.76951, -122.451988)"
269,Private,189 Hubbell St,500,"(37.76642, -122.397815)"
270,Private,2055 CHESTNUT ST,34,"(37.800467, -122.436798)"
271,Private,90 BROADWAY,160,"(37.79892, -122.39945)"
272,Private,1910 Union st,70,"(37.797843, -122.430633)"
273,Private,150 SPEAR ST,15,"(37.791721, -122.393274)"
274,Private,2144 Market St,19,"(37.767008, -122.429754)"
275,Private,1603 MONTGOMERY ST,60,"(37.803861, -122.405075)"
276,Private,345 BRANNAN ST,99,"(37.780942, -122.392604)"
277,Private,1635 DIVISADERO ST,538,"(37.784581, -122.439868)"
278,Private,675 TOWNSEND ST,266,"(37.770388, -122.402847)"
279,Private,599 02nd ST,40,"(37.781986, -122.391757)"
280,Private,191 BEALE ST,230,"(37.790227, -122.394156)"
281,Private,235 MAIN ST,260,"(37.790241, -122.392448)"
282,Private,69 POLK ST,53,"(37.777129, -122.418203)"
283,Private,750 GOLDEN GATE AVE,50,"(37.78087, -122.422774)"
284,Private,970 HOWARD ST,40,"(37.780389, -122.406444)"
285,Private,98 FRANKLIN ST,74,"(37.775171, -122.420504)"
286,Port of SF,40 Pier Fortyeight,400,"(37.775266, -122.38686)"
287,Presidio,10 Edie Rd,29,"(37.801334, -122.450645)"
288,Presidio,1060 Torney Ave,26,"(37.800181, -122.452067)"
289,Presidio,10 P-Funston Ave,301,"(37.80005, -122.454433)"
290,Presidio,10 French Ct,60,"(37.802095, -122.455226)"
291,Private,1040 MISSION ST,60,"(37.780402, -122.409571)"
292,Private,1040 SACRAMENTO ST,250,"(37.793037, -122.409914)"
293,Private,1045 CALIFORNIA ST,225,"(37.791489, -122.411332)"
294,Private,148 Townsend St,75,"(37.779919, -122.391516)"
295,Private,1550 BRYANT ST,45,"(37.767874, -122.411236)"
296,Private,1650 JACKSON ST,111,"(37.794193, -122.422091)"
297,Private,201 02ND ST,21,"(37.786833, -122.397828)"
298,Private,222 02ND ST,120,"(37.78619, -122.397754)"
299,Private,222 KEARNY ST,65,"(37.790096, -122.403453)"
300,Private,350 02nd ST,150,"(37.784593, -122.395751)"
301,Private,41 TEHAMA ST,120,"(37.786975, -122.396277)"
302,Private,486 JESSIE ST,140,"(37.781798, -122.40883)"
303,Private,528 JACKSON ST,80,"(37.796517, -122.403793)"
304,Private,569 POST ST,100,"(37.787693, -122.410902)"
305,Private,401 Jackson St,22,"(37.795894, -122.401792)"
306,Private,655 SACRAMENTO ST,20,"(37.793443, -122.403404)"
307,Private,680 02nd ST,50,"(37.78072, -122.390904)"
308,Private,699 COLUMBUS AVE,23,"(37.800893, -122.411315)"
309,Private,777 HARRISON ST,120,"(37.780976, -122.398765)"
310,Private,85 02ND ST,60,"(37.788311, -122.399682)"
311,Private,345 SPEAR ST,400,"(37.789602, -122.389889)"
312,Private,415 TAYLOR ST,110,"(37.786327, -122.411404)"
313,Private,490 POST ST,126,"(37.788273, -122.409635)"
314,Private,500 POST ST,160,"(37.788217, -122.410073)"
315,Private,542 GEARY ST,40,"(37.787008, -122.412052)"
316,Private,655 BEACH ST,120,"(37.806493, -122.419635)"
317,Private,80 HEMLOCK ALLEY,75,"(37.787487, -122.419457)"
318,Private,600 STOCKTON ST,83,"(37.791379, -122.406896)"
319,Private,661 BROADWAY,50,"(37.797456, -122.407732)"
320,Private,642 HARRISON ST,60,"(37.783647, -122.396118)"
321,RPD,600 Jamestown Ave,9000,"(37.712639, -122.387363)"
322,Private,15 08TH ST,80,"(37.778656, -122.413863)"
323,Private,1550 BAY ST,176,"(37.803316, -122.432369)"
324,Private,170 COLUMBUS AVE,110,"(37.796956, -122.40484)"
325,Private,2720 TAYLOR ST,50,"(37.807507, -122.415219)"
326,Private,555 SELBY ST,150,"(37.743769, -122.395643)"
327,SFRA,644 BRANNAN ST,120,"(37.775859, -122.399771)"
328,Port of SF,40 Pier Forty,280,"(37.781444, -122.387314)"
329,RPD,1 ZOO RD,483,"(37.730072, -122.502666)"
330,Private,205 13th ST,69,"(37.769385, -122.417333)"
331,SFMTA,1000 Ocean Avenue,20,"(37.72344, -122.452933)"
332,SFMTA,123 OFarrell Street,925,"(37.786027, -122.406906)"
333,SFMTA,1275 20th Avenue,24,"(37.764012, -122.4783)"
334,SFMTA,1325 08th Avenue,41,"(37.763473, -122.465276)"
335,SFMTA,1340 07th Avenue,36,"(37.763299, -122.463668)"
336,SFMTA,1399 Bush Street,129,"(37.788469, -122.419911)"
337,SFMTA,1610 Geary Blvd,747,"(37.785053, -122.430324)"
338,SFMTA,1660 Mission Street,59,"(37.771391, -122.419536)"
339,SFMTA,1680 Fillmore St,177,"(37.784865, -122.432591)"
340,SFMTA,174 West Portal Avenue,19,"(37.739141, -122.467847)"
341,SFMTA,20 Norton Street,28,"(37.724924, -122.434984)"
342,SFMTA,2055 Lombard Street,205,"(37.799625, -122.435051)"
343,SFMTA,2450 California Street,48,"(37.788955, -122.434528)"
344,SFMTA,25 Felton Street,10,"(37.729716, -122.404616)"
345,SFMTA,250 Clay Street,1095,"(37.795394, -122.398413)"
346,SFMTA,2500 24th St,807,"(37.753235, -122.404721)"
347,SFMTA,2500 Ocean Avenue,20,"(37.731462, -122.472183)"
348,SFMTA,2501รก23rd St,850,"(37.754172, -122.40475)"
349,SFMTA,255 03rd Street,752,"(37.784476, -122.399289)"
350,SFMTA,3000 19th Avenue,20,"(37.732067, -122.474469)"
351,SFMTA,324 08th Avenue,28,"(37.782328, -122.466071)"
352,SFMTA,3252 Pierce Street,116,"(37.799922, -122.438994)"
353,SFMTA,3255 21st Street,350,"(37.756703, -122.420134)"
354,SFMTA,3255 24th Street,19,"(37.752041, -122.417317)"
355,SFMTA,330 09th Avenue,23,"(37.782074, -122.46711)"
356,SFMTA,333 Post Street,985,"(37.787732, -122.407341)"
357,SFMTA,355 McAllister Street,843,"(37.779843, -122.417484)"
358,SFMTA,360 Grove Street,618,"(37.778055, -122.422341)"
359,SFMTA,4061 24th Street,17,"(37.751105, -122.432972)"
360,SFMTA,4116 18th St,28,"(37.761063, -122.435652)"
361,SFMTA,415 07th Street,105,"(37.775198, -122.405403)"
362,SFMTA,421 18th Ave,34,"(37.77987, -122.477273)"
363,SFMTA,433 Kearny Street,700,"(37.791952, -122.404358)"
364,SFMTA,44 Hoff Street,98,"(37.764204, -122.420583)"
365,SFMTA,444 Stockton Street,1865,"(37.789845, -122.406591)"
366,SFMTA,457 Castro St,20,"(37.761655, -122.434434)"
367,SFMTA,5732 Geary Blvd,21,"(37.780493, -122.480659)"
368,SFMTA,733 Kearny Street,600,"(37.794631, -122.404913)"
369,SFMTA,735 Vallejo Street,162,"(37.798242, -122.409227)"
370,SFMTA,766 Vallejo Street,163,"(37.798624, -122.409512)"
371,SFMTA,807 Ulloa St,23,"(37.74039, -122.464976)"
372,SFMTA,833 Mission Street,2585,"(37.783152, -122.405154)"
373,Private,469 EDDY ST,30,"(37.783336, -122.415086)"
374,Private,1567 CALIFORNIA ST,22,"(37.790403, -122.41986)"
375,Private,2500 MASON ST,256,"(37.806632, -122.413359)"
376,Private,1127 Mission St,40,"(37.778522, -122.411191)"
377,Private,801 BRYANT ST,150,"(37.775802, -122.402206)"
378,Private,1162 Mission St,166,"(37.778491, -122.41222)"
379,Private,925 POWELL ST,30,"(37.793148, -122.409484)"
380,Private,3555 CESAR CHAVEZ ST,214,"(37.747799, -122.420673)"
381,Private,1 BUSH ST,260,"(37.790868, -122.399192)"
382,Private,100 PINE ST,150,"(37.792549, -122.398557)"
383,Private,121 SPEAR ST,450,"(37.792312, -122.393281)"
384,Private,55 11th St,127,"(37.775084, -122.41757)"
385,Private,215 Townsend St,750,"(37.777397, -122.393619)"
386,Private,235 PINE ST,60,"(37.79195, -122.399974)"
387,Private,255 12th ST,856,"(37.771601, -122.415998)"
388,Private,300 CALIFORNIA ST,60,"(37.79335, -122.399927)"
389,Private,505 BRANNAN ST,72,"(37.7779, -122.396453)"
390,Private,521 Mission St,180,"(37.788964, -122.397968)"
391,Private,650 TOWNSEND ST,526,"(37.771024, -122.402778)"
392,Private,1266 09TH AVE,30,"(37.764681, -122.46591)"
393,Private,144 KING ST,30,"(37.779247, -122.390677)"
394,Private,1 MISSION ST,270,"(37.793409, -122.392392)"
395,Private,2254 MARKET ST,30,"(37.765254, -122.432035)"
396,Private,1101 SUTTER ST,80,"(37.787694, -122.418399)"
397,Private,1725 SACRAMENTO ST,68,"(37.791183, -122.421129)"
398,Private,64 Golden Gate Ave,70,"(37.782323, -122.411334)"
399,Private,1480 Sutter St,38,"(37.787337, -122.424492)"
400,Private,1388 Sutter St,225,"(37.787533, -122.422956)"
401,Private,1776 SACRAMENTO ST,70,"(37.791502, -122.421907)"
402,Private,732 WASHINGTON ST,35,"(37.795406, -122.405462)"
403,Private,45 03RD ST,798,"(37.787017, -122.402516)"
404,Private,1600 JACKSON ST,74,"(37.794279, -122.42142)"
405,Private,77 Post St,12,"(37.788701, -122.402965)"
406,Private,265 EDDY ST,40,"(37.78376, -122.411744)"
407,Private,565 GEARY ST,30,"(37.786546, -122.412402)"
408,Private,600 TOWNSEND ST,163,"(37.77174, -122.401872)"
409,Private,250 BRANNAN ST,170,"(37.782932, -122.390821)"
410,Private,400 GROVE ST,46,"(37.777949, -122.423182)"
411,Private,401 Grove St,70,"(37.777543, -122.423098)"
412,Private,470 BROADWAY,21,"(37.798234, -122.404849)"
413,Private,515 HOWARD ST,150,"(37.788001, -122.396093)"
414,Private,524 HOWARD ST,70,"(37.788084, -122.396724)"
415,Private,530 BROADWAY,38,"(37.79811, -122.405814)"
416,Private,680 MISSION ST,240,"(37.786678, -122.401598)"
417,Private,701 LOMBARD ST,40,"(37.802569, -122.412863)"
418,Private,65 Fresno St,30,"(37.798295, -122.406478)"
419,Private,75 MOSS ST,18,"(37.777642, -122.407375)"
420,Private,840 SUTTER ST,150,"(37.788664, -122.414094)"
421,Private,345 06th ST,25,"(37.778, -122.404486)"
422,Private,425 NORTH POINT ST,64,"(37.806241, -122.414042)"
423,UCSF,1625 Owens St,516,"(37.768128, -122.393504)"
424,UCSF,1650 03RD ST,720,"(37.768365, -122.389408)"
425,UCSF,1855 Folsom St,200,"(37.767406, -122.413806)"
426,UCSF,3111 17th St,180,"(37.764027, -122.415587)"
427,UCSF,3333 California St,57,"(37.786721, -122.448834)"
428,UCSF,500 PARNASSUS AVE,990,"(37.763756, -122.458208)"
429,UCSF,533 Laurel St,84,"(37.785836, -122.449486)"
430,UCSF,568 Laurel St,89,"(37.785487, -122.448926)"
431,UCSF,6 Kirkham St,16,"(37.760703, -122.460519)"
432,UCSF,64 Kirkham St,149,"(37.760677, -122.461122)"
433,UCSF,83 Channel St,287,"(37.772656, -122.393194)"
434,Private,2001 UNION ST,200,"(37.797235, -122.432138)"
435,Private,1550 Union St,40,"(37.798602, -122.424669)"
436,Private,909 MONTGOMERY ST,65,"(37.797357, -122.403771)"
437,Private,200 KANSAS ST,49,"(37.767124, -122.403817)"
438,Private,2130 FULTON ST,770,"(37.775351, -122.451045)"
439,Private,998 Sansome St,24,"(37.798976, -122.401896)"
440,Private,3151 22nd St,103,"(37.755233, -122.417708)"
441,Private,10 NATOMA ST,110,"(37.78941, -122.396121)"
442,Private,136 TOWNSEND ST,110,"(37.7801, -122.391287)"
443,Private,1375 Sutter St,167,"(37.78715, -122.422686)"
444,Private,1398 STEVENSON ST,65,"(37.770026, -122.421668)"
445,Private,1399 STEVENSON ST,87,"(37.770058, -122.42115)"
446,Private,150 01ST ST,180,"(37.788955, -122.396797)"
447,Private,250 MAIN ST,440,"(37.789788, -122.392615)"
448,Private,270 BRANNAN ST,70,"(37.782668, -122.391155)"
449,Private,535 MISSION ST,100,"(37.788854, -122.398107)"
450,Private,546 HOWARD ST,60,"(37.787717, -122.397188)"
451,Private,601 Bay St,29,"(37.804956, -122.416691)"
452,Private,67 Turk St,115,"(37.783027, -122.410031)"
453,Private,81 MINNA ST,100,"(37.787777, -122.398388)"
454,Private,855 GEARY ST,100,"(37.785946, -122.417104)"
455,Private,900 FOLSOM ST,250,"(37.780281, -122.403485)"
456,Private,923 Brannan St,280,"(37.770754, -122.405492)"
457,Private,942 Jessie St,105,"(37.775481, -122.416587)"
458,Private,910 Brannan St,115,"(37.771168, -122.405704)"
459,Private,1945 HYDE ST,20,"(37.798693, -122.419029)"
460,Private,1625 POWELL ST,65,"(37.7995, -122.410767)"
461,Private,229 07th ST,110,"(37.77767, -122.408506)"
462,Private,735 DAVIS ST,60,"(37.799159, -122.398833)"
463,Private,1280 Laguna St,49,"(37.782785, -122.427101)"
464,Private,273 JEFFERSON ST,210,"(37.807694, -122.416627)"
465,Private,223 SUTTER ST,650,"(37.789557, -122.403782)"
466,Private,999 POLK ST,20,"(37.785636, -122.419715)"
467,Private,2420 SUTTER ST,80,"(37.785347, -122.440162)"
468,Private,1014 MISSION ST,18,"(37.780716, -122.409153)"
469,Private,299 Valencia St,30,"(37.768277, -122.421766)"
470,Private,2020 Alameda St,100,"(37.768673, -122.404955)"
471,Private,30 Division St,60,"(37.768805, -122.410083)"
472,Private,344 14TH ST,74,"(37.76837, -122.420812)"
473,Private,501 08th St,62,"(37.772501, -122.40644)"
474,Private,899 VALENCIA ST,31,"(37.758662, -122.420841)"
475,Private,450 South St,1400,"(37.769331, -122.388117)"
476,UCSF,1590 Owens St,60,"(37.768434, -122.39583)"
477,Private,1670 Owens St,500,"(37.76755, -122.394847)"
478,Private,409 Illinois St,400,"(37.766705, -122.387222)"
479,UC,376 Larkin St,400,"(37.781169, -122.416635)"
480,Private,488 South Van Ness Ave,40,"(37.76538, -122.417594)"
481,Private,150 Hayes St,64,"(37.777549, -122.418755)"
482,Private,100 Van Ness Ave,130,"(37.776794, -122.419053)"
483,Private,175 Turk St,100,"(37.782824, -122.411753)"
484,Private,191 Turk St,25,"(37.782794, -122.411963)"
485,Private,150 Turk St,50,"(37.783237, -122.411494)"
486,SFSU,450 Winston Dr,311,"(37.728299, -122.481975)"
487,SFSU,98 N State Dr,1572,"(37.725227, -122.480268)"
488,Private,3399 16th St,21,"(37.764288, -122.428004)"
489,BART,540 Bosworth St,53,"(37.733636, -122.433202)"
490,Private,150 Paul Ave,10,"(37.722912, -122.396935)"
491,Caltrans,30 Rickard,200,"(37.733592, -122.408264)"
492,Private,1460 Marin St,240,"(37.748669, -122.393815)"
493,Private,121 Napoleon St,36,"(37.746807, -122.39818)"
494,Customs,1 Custom House Pl,18,"(37.795803, -122.401195)"
495,Private,98 Napoleon St,205,"(37.747381, -122.395533)"
496,Private,2270 Jerrold Ave,350,"(37.745647, -122.400932)"
497,RPD,100 Martin Luther King Jr Dr,105,"(37.76738, -122.46095)"
498,Private,3550 03rd St,120,"(37.744672, -122.387358)"
499,SFPUC,3500 Great Hwy,32,"(37.726604, -122.505057)"
500,Private,2180 HARRISON ST,150,"(37.76308, -122.413383)"
501,Private,429 Folsom St,25,"(37.787448, -122.393674)"
502,Private,50 Main St,285,"(37.792277, -122.395717)"
503,RPD,798 Frederick St,16,"(37.766083, -122.45724)"
504,RPD,1220 Martin Luther King Jr Dr,40,"(37.767215, -122.483563)"
505,Private,2121 Evans Ave,62,"(37.748581, -122.396868)"
506,SFPD,751 Stanyan St,45,"(37.767873, -122.453457)"
507,SFPD,970 Ocean Ave,15,"(37.723341, -122.452464)"
508,SFPD,201 Williams Ave,60,"(37.729699, -122.397314)"
509,SFPD,375 Woodside Ave,8,"(37.745849, -122.452067)"
510,SFPD,99 Seargeant John Young St,22,"(37.724716, -122.445775)"
511,SFPUC,1198 Phelps St,35,"(37.738096, -122.392929)"
512,SFPUC,1200 Phelps St,40,"(37.737973, -122.39304)"
513,SFPUC,1700 Jerrold Ave,16,"(37.740078, -122.391112)"
514,SFPUC,1750 Jerrold Ave,166,"(37.740505, -122.391865)"
515,Private,1575 Bayshore Blvd,290,"(37.724188, -122.400575)"
516,USPS,180 Napoleon St,130,"(37.747201, -122.39849)"
517,USPS,320 Main St,103,"(37.788852, -122.391448)"
518,USPS,333 Beale St,200,"(37.78834, -122.391791)"
519,USPS,25 Napoleon St,270,"(37.746915, -122.396414)"
520,Private,444 DEHARO ST,67,"(37.764189, -122.401613)"
521,Private,51 Zoe St,80,"(37.779976, -122.395659)"
522,Private,179 Hayes St,40,"(37.777104, -122.419028)"
523,Private,601 Brannan St,18,"(37.776199, -122.398605)"
524,Private,180 Fair Oaks St,14,"(37.753835, -122.424243)"
525,Private,1034 Page St,14,"(37.772278, -122.437715)"
526,Private,1826 Haight St,17,"(37.769086, -122.452354)"
527,Private,40 Folsom St,366,"(37.790374, -122.390052)"
528,Private,3001 Ortega St,42,"(37.751267, -122.495533)"
529,Private,3109 Ortega St,32,"(37.751213, -122.496675)"
530,Private,350 Paul Ave,59,"(37.723218, -122.398223)"
531,Private,1515 19th Ave,23,"(37.759379, -122.476931)"
532,Private,379 09th Ave,32,"(37.781439, -122.467653)"
533,Private,610 Brannan St,100,"(37.776347, -122.399153)"
534,Private,400 North Point St,109,"(37.806689, -122.413803)"
535,Private,7 LOMBARD ST,300,"(37.803832, -122.402348)"
536,Private,371 12th St,84,"(37.770418, -122.413294)"
537,Private,655 Brotherhood Way,120,"(37.712568, -122.472875)"
538,Private,66 Potrero St,137,"(37.76863, -122.407905)"
539,Private,915 Minna St,47,"(37.774197, -122.4156)"
540,Private,971 Minna St,9,"(37.774318, -122.416078)"
541,Private,2015 STEINER ST,20,"(37.787865, -122.435401)"
542,Private,2323 SACRAMENTO ST,10,"(37.789942, -122.430967)"
543,Private,2349 Sacramento St,10,"(37.789898, -122.431317)"
544,Private,2085 03rd St,10,"(37.763284, -122.388246)"
545,City College,101 Phelan Ave,1681,"(37.725635, -122.453036)"
546,City College,1125 Valencia St,38,"(37.754791, -122.420471)"
547,City College,45 Gough St,36,"(37.772321, -122.421278)"
548,City College,50 Science Cir,766,"(37.725677, -122.450833)"
549,City College,750 Eddy St,21,"(37.783151, -122.419864)"
550,Private,138 05th St,19,"(37.781832, -122.405576)"
551,Private,174 05th St,40,"(37.781621, -122.405302)"
552,Private,3850 17th St,7,"(37.762817, -122.431796)"
553,City College,1800 Hayes St,67,"(37.774038, -122.446352)"
554,City College,1860 Hayes St,54,"(37.773959, -122.44709)"
555,Private,398 Jefferson St,15,"(37.808045, -122.418807)"
556,Private,599 Cambridge St,134,"(37.724152, -122.417022)"
557,Private,115 08th St,40,"(37.77703, -122.413038)"
558,Private,200 Paul Ave,235,"(37.723039, -122.397471)"
559,Private,100 Potrero Ave,100,"(37.767745, -122.40888)"
560,Private,201 08th St,20,"(37.776276, -122.411179)"
561,Private,101 Market St,87,"(37.793506, -122.39528)"
562,Private,1160 Bay St,101,"(37.804562, -122.42605)"
563,Private,985 North Point St,60,"(37.805081, -122.423071)"
564,Private,33 New Montgomery St,12,"(37.788451, -122.401239)"
565,Private,645 14th Ave,16,"(37.775927, -122.472579)"
566,Private,2290 14th Ave,10,"(37.745429, -122.469938)"
567,Private,1 Welsh St,28,"(37.779806, -122.396057)"
568,Private,821 02nd St,32,"(37.779815, -122.38879)"
569,Private,1717 44th Ave,8,"(37.754435, -122.503432)"
570,Private,333 Main St,400,"(37.789021, -122.390928)"
571,Private,4398 Mission St,5,"(37.727285, -122.432905)"
572,Private,1835 Ellis St,106,"(37.781608, -122.436198)"
573,Private,401 Newhall St,20,"(37.741717, -122.386212)"
574,Private,2130 OFARRELL ST,663,"(37.782519, -122.439953)"
575,Private,2350 GEARY BLVD,18,"(37.783215, -122.44182)"
576,RPD,759 Stanyan St,44,"(37.767969, -122.454502)"
577,Private,825 Brotherhood Way,58,"(37.714226, -122.47691)"
578,LHH,128 Delbrook Ave,224,"(37.749142, -122.454234)"
579,LHH,173 Woodside Ave,23,"(37.746627, -122.455626)"
580,LHH,181 Woodside Ave,14,"(37.746598, -122.455503)"
581,LHH,185 Woodside Ave,27,"(37.746583, -122.455441)"
582,LHH,281 Laguna Honda Blvd,244,"(37.749616, -122.459782)"
583,Private,321 Florida St,60,"(37.764936, -122.410946)"
584,Private,3251 18th St,23,"(37.761571, -122.416201)"
585,Private,1101 Eucalyptus Dr,50,"(37.730819, -122.483418)"
586,Private,1201 Ortega St,14,"(37.752119, -122.476201)"
587,Private,1268 Missouri St,45,"(37.7504, -122.395438)"
588,Private,200 Bacon St,45,"(37.727496, -122.404584)"
589,Private,3250 19th Ave,36,"(37.729387, -122.474217)"
590,SFMTA,1849 Harrison St,227,"(37.767634, -122.412831)"
591,SFMTA,1001 Minnesota St,55,"(37.757507, -122.390459)"
592,SFMTA,949 Presidio Ave,100,"(37.782636, -122.446318)"
593,SFMTA,1210 15th St,38,"(37.766382, -122.412549)"
594,Private,616 HEMLOCK ST,38,"(37.786385, -122.428228)"
595,Private,602 Potrero Ave,17,"(37.761729, -122.407303)"
596,Private,1 Mendell St,140,"(37.743143, -122.383019)"
597,Private,10 Clyde St,40,"(37.77854, -122.394158)"
598,Private,10 Silliman St,14,"(37.731341, -122.405143)"
599,Private,1002 Bryant St,14,"(37.772554, -122.40705)"
600,Private,101 10th St,26,"(37.775227, -122.41536)"
601,Private,1010 03rd St,200,"(37.77592, -122.390065)"
602,Private,1150 25th St,30,"(37.752849, -122.390043)"
603,Private,1164 Evans Ave,36,"(37.7385, -122.379847)"
604,Private,1212 24th St,12,"(37.764799, -122.48214)"
605,Private,1255 Columbus Ave,21,"(37.805419, -122.417854)"
606,Private,1413 Folsom St,27,"(37.772469, -122.412641)"
607,Private,1501 15th St,36,"(37.766546, -122.417782)"
608,Private,159 Erie St,23,"(37.768839, -122.419127)"
609,Private,1619 Franklin St,17,"(37.789359, -122.423895)"
610,Private,1875 Alemany Blvd,21,"(37.722132, -122.437732)"
611,Private,191 Jennings St,30,"(37.739176, -122.37721)"
612,Private,200 Vallejo St,25,"(37.79968, -122.401151)"
613,Private,201 Jennings St,24,"(37.738899, -122.377459)"
614,Private,235 Kansas St,76,"(37.766793, -122.403267)"
615,Private,2372 Green St,25,"(37.795961, -122.43793)"
616,Private,240 05th St,60,"(37.780788, -122.404275)"
617,Private,251 Cargo Way,290,"(37.745231, -122.384721)"
618,Private,253 Cargo Way,297,"(37.745404, -122.385074)"
619,Private,2540 Lombard St,22,"(37.799118, -122.443218)"
620,Private,2699 03rd St,146,"(37.755609, -122.387523)"
621,Private,2822 Pine St,29,"(37.786997, -122.442227)"
622,Private,2850 Alemany Blvd,85,"(37.712698, -122.451332)"
623,Private,314 Randolph St,13,"(37.714442, -122.465304)"
624,Private,3236 24th St,14,"(37.75248, -122.416902)"
625,Private,3244 24th St,18,"(37.752471, -122.417056)"
626,Private,3250 Mission St,26,"(37.744748, -122.420504)"
627,Private,3270 17th St,9,"(37.763624, -122.418761)"
628,Private,34 Mary St,20,"(37.781367, -122.406557)"
629,Private,340 05th St,50,"(37.779566, -122.402748)"
630,Private,340 Townsend St,140,"(37.776438, -122.395923)"
631,Private,3435 Cesar Chavez St,89,"(37.747838, -122.418798)"
632,Private,355 Brannan St,8,"(37.780687, -122.392926)"
633,Private,360 Spear St,17,"(37.78915, -122.390056)"
634,Private,380 Fremont St,16,"(37.786877, -122.392428)"
635,Private,385 Brannan St,26,"(37.780208, -122.393532)"
636,Private,390 Turk St,27,"(37.782775, -122.415274)"
637,Private,40 Zeno St,12,"(37.787837, -122.393052)"
638,Private,420 Harrison St,8,"(37.78668, -122.392279)"
639,Private,440 Spear St,15,"(37.788251, -122.388929)"
640,Private,501 02nd St,15,"(37.78315, -122.393212)"
641,Private,511 Harrison St,25,"(37.785629, -122.392874)"
642,Private,515 Folsom St,15,"(37.786657, -122.394675)"
643,Private,528 03rd St,40,"(37.780688, -122.395285)"
644,Private,57 Zoe St,13,"(37.779916, -122.395584)"
645,Private,5315 Mission St,3,"(37.714248, -122.44242)"
646,Private,540 Eddy St,43,"(37.783584, -122.416435)"
647,Private,577 02nd St,5,"(37.782329, -122.392185)"
648,Private,581 McAllister St,36,"(37.779689, -122.421256)"
649,Private,585 Harrison St,28,"(37.784397, -122.394434)"
650,Private,590 15th St,14,"(37.767309, -122.406346)"
651,Private,594 Hayes St,20,"(37.776649, -122.425883)"
652,Private,600 Bryant St,9,"(37.779488, -122.398277)"
653,Private,6215 03rd St,21,"(37.72206, -122.395235)"
654,Private,624 04th St,11,"(37.77782, -122.396131)"
655,Private,625 Harrison St,20,"(37.783612, -122.395427)"
656,Private,640 03rd St,12,"(37.779369, -122.393633)"
657,Private,640 Bryant St,8,"(37.778911, -122.399007)"
658,Private,660 03rd St,13,"(37.779167, -122.39338)"
659,Private,719 Taylor St,9,"(37.788957, -122.411999)"
660,Private,732 Geary St,8,"(37.7866, -122.415251)"
661,Private,751 Valencia St,14,"(37.760748, -122.421045)"
662,Private,764 Bryant St,35,"(37.776843, -122.401625)"
663,Private,801 23rd St,36,"(37.754892, -122.388135)"
664,Private,809 Franklin St,15,"(37.78177, -122.422361)"
665,Private,828 Brannan St,64,"(37.772573, -122.403927)"
666,Private,910 Minna St,16,"(37.774641, -122.415736)"
667,Private,920 Howard St,56,"(37.781204, -122.405424)"
668,Private,931 Mission St,63,"(37.781791, -122.407054)"
669,Private,937 Ofarrell St,9,"(37.784627, -122.419965)"
670,Private,942 Avalon Ave,16,"(37.724432, -122.424151)"
671,Private,45 HARRIET ST,18,"(37.778848, -122.406609)"
672,Private,702 York St,10,"(37.760328, -122.409086)"
673,Private,100 North Point St,37,"(37.807264, -122.409032)"
674,Port of SF,2899 Taylor St,79,"(37.809485, -122.416793)"
675,Private,2277 Shafter Ave,24,"(37.738034, -122.4034)"
676,Private,1943 Carroll Ave,16,"(37.728547, -122.399517)"
677,Private,2755 14th Ave,8,"(37.738028, -122.46934)"
678,Private,500 WASHINGTON ST,17,"(37.795863, -122.40163)"
679,Private,230 Beach St,34,"(37.807679, -122.413526)"
680,Private,599 Judson Ave,101,"(37.728256, -122.453647)"
681,Private,1 Peter York Way,70,"(37.785531, -122.424618)"
682,Private,333 12th St,25,"(37.770716, -122.413969)"
683,SFPD,2520 Irving St,15,"(37.763375, -122.484734)"
684,Private,832 Folsom St,160,"(37.781487, -122.401957)"
685,Private,650 MCALLISTER ST,75,"(37.779935, -122.422582)"
686,SFPD,350 Amber Dr,265,"(37.744401, -122.44139)"
687,Private,301 Grove St,15,"(37.777749, -122.421455)"
688,Private,1901 Cesar Chavez St,115,"(37.749514, -122.395695)"
689,Private,350 Masonic Ave,9,"(37.778122, -122.446496)"
690,Private,860 02nd St,38,"(37.779334, -122.388372)"
691,Private,368 FULTON ST,100,"(37.778975, -122.422638)"
692,SFPD,3431 17th St,24,"(37.763012, -122.422103)"
693,SFPD,455 06th Ave,40,"(37.77996, -122.464631)"
694,Private,440 Hayes St,50,"(37.776955, -122.423485)"
695,Private,645 05th St,120,"(37.776143, -122.397726)"
696,SFGH,1001 Potrero Ave,202,"(37.755988, -122.406109)"
697,SFGH,2401 22nd St,20,"(37.7567, -122.404475)"
698,SFGH,2498 22nd St,102,"(37.757202, -122.40541)"
699,Private,151 03rd St,18,"(37.785674, -122.400793)"
700,SFUSD,1512 Golden Gate Ave,26,"(37.779259, -122.435417)"
701,SFUSD,541 McAllister St,96,"(37.779756, -122.42072)"
702,SFUSD,3630 Divisadero St,20,"(37.80308, -122.443033)"
703,SFUSD,430 Texas St,6,"(37.760855, -122.395464)"
704,SFUSD,3772 17th St,85,"(37.762968, -122.429559)"
705,Private,3205 16th St,12,"(37.764441, -122.424178)"
706,Private,431 Capitol Ave,30,"(37.714298, -122.459108)"
707,Private,1651 Union St,17,"(37.797986, -122.42623)"
708,Private,1080 Valencia St,25,"(37.755554, -122.421064)"
709,Private,1 Berry St,166,"(37.779722, -122.387722)"
710,Private,2401 Keith,28,"(37.725993, -122.391889)"
711,Private,1280 05th Ave,7,"(37.764562, -122.461608)"
712,Private,2 27TH ST,100,"(37.747382, -122.421333)"
713,Private,4186 24th St,12,"(37.75134, -122.435694)"
714,Private,2001 37th Ave,17,"(37.749414, -122.495557)"
715,Private,2790 Rivera St,90,"(37.746045, -122.495958)"
716,Private,25 9th St,134,"(37.777335, -122.41544)"
717,State of CA,301 Elm St,30,"(37.781014, -122.42212)"
718,Private,3301 Ortega St,58,"(37.751121, -122.498746)"
719,Private,505 Tunnel Ave,18,"(37.708475, -122.400881)"
720,Private,13 Christmas Tree Point Rd,10,"(37.754477, -122.446512)"
721,Private,50 Lusk St,80,"(37.778503, -122.394018)"
722,Private,5301 03rd St,19,"(37.729205, -122.392171)"
723,UCSF,1701 Divisadero St,80,"(37.785248, -122.44)"
724,UCSF,2300 Harrison St,56,"(37.760145, -122.412785)"
725,UCSF,2325 Post St,65,"(37.784034, -122.439714)"
726,UCSF,533 Laurel St,128,"(37.785836, -122.449486)"
727,UCSF,80 Upper Service Rd,122,"(37.761215, -122.456275)"
728,UCSF,1930 Market St,8,"(37.770527, -122.425638)"
729,UCSF,60 Upper Service Rd,33,"(37.760455, -122.455416)"
730,Private,1939 Market St,20,"(37.76984, -122.425299)"
731,Private,48 Julian St,18,"(37.767362, -122.421205)"
732,Private,55 Fillmore St,15,"(37.769891, -122.430241)"
733,Private,2130 POST ST,63,"(37.784821, -122.436788)"
734,Private,2474 Sacramento St,153,"(37.790041, -122.433489)"
735,Private,2157 17th St,63,"(37.765023, -122.405759)"
736,Private,155 Hermann St,96,"(37.77012, -122.427703)"
737,Private,2450 Turk Blvd,72,"(37.778599, -122.448297)"
738,Private,2632 Turk Blvd,23,"(37.778391, -122.449939)"
739,Private,2901 Turk Blvd,218,"(37.777563, -122.453251)"
740,Private,15 Onondaga Ave,2,"(37.721065, -122.437731)"
741,Private,4840 Mission St,92,"(37.720746, -122.437892)"
742,Private,1580 15th St,14,"(37.766861, -122.419162)"
743,Private,2632 Pine St,25,"(37.787403, -122.439036)"
744,Private,81 Yacht Rd,150,"(37.807288, -122.445262)"
745,Private,588 Portola Dr,84,"(37.745797, -122.451477)"
746,Private,2435 Van Ness Ave,14,"(37.797869, -122.424032)"
747,Port of SF,Pier 50,45,"(37.773118, -122.382127)"
748,Private,Pier 50,101,"(37.773849, -122.383233)"
749,Presidio, ,20,"(37.789375, -122.460664)"
750,Presidio,99 Howard Rd,30,"(37.788269, -122.480081)"
751,Presidio, ,101,"(37.801365, -122.473048)"
752,RPD,1398 Bosworth St,10,"(37.736906, -122.440899)"
753,Private,925 Chenery St,48,"(37.734833, -122.4373)"
754,Private,715 Chenery St,12,"(37.734394, -122.434123)"
755,UCSF,55 Laguna St,160,"(37.771663, -122.425703)"
756,Private,1940 Market St,25,"(37.770135, -122.425853)"
757,SFMTA,601 25th St,150,"(37.752573, -122.384896)"
758,Private,840 Cesar Chavez St,35,"(37.750647, -122.385202)"
759,Private,700 Cesar Chavez St,50,"(37.750778, -122.383093)"
760,Port of SF,721 Cesar Chavez St,50,"(37.750085, -122.383136)"
761,Private,151 Maryland St,40,"(37.751043, -122.380732)"
762,Private,999 Pennsylvania St,150,"(37.753591, -122.392231)"
763,Private,751 23rd St,60,"(37.75494, -122.387446)"
764,Private,791 24th St,30,"(37.753802, -122.387418)"
765,SFMTA,901 Rankin St,75,"(37.740516, -122.395615)"
766,SFMTA,1399 Marin St,51,"(37.748548, -122.389063)"
767,SFMTA,80 Charter Oak St,20,"(37.737053, -122.404927)"
768,SFMTA,290 North Point St,100,"(37.806931, -122.41166)"
769,SFMTA,1879 Bryant St,140,"(37.763773, -122.408762)"
770,SFMTA,1201 Mason St,20,"(37.794662, -122.411538)"
771,SFMTA,2350 San Jose Ave,40,"(37.72025, -122.447141)"
772,SFMTA,2250 San Jose Ave,135,"(37.721287, -122.446368)"
773,Private,Terry Francois Blvd,40,"(37.772948, -122.386775)"
774,Private,407 South Van Ness,25,"(37.7666, -122.417156)"
775,Private,372 Shotwell St,10,"(37.762411, -122.416166)"
776,Private,3254 19th St,40,"(37.76059, -122.416603)"
777,Private,3380 20th St,20,"(37.758909, -122.416244)"
778,Private,2320 Folsom St,60,"(37.759939, -122.415125)"
779,Private,2226 Folsom St,105,"(37.761708, -122.41536)"
780,Private,2256 Folsom St,60,"(37.761268, -122.415059)"
781,Private,3148 19th St,180,"(37.760919, -122.413616)"
782,Private,500 Treat Ave,41,"(37.761893, -122.413718)"
783,Private,3120 18th St,27,"(37.761962, -122.413192)"
784,Private,3186 18th St,25,"(37.7623, -122.414224)"
785,Private,3066 17th St,220,"(37.764322, -122.414062)"
786,Private,418 Alabama St,52,"(37.763976, -122.411608)"
787,Private,1300 Bryant St,43,"(37.768646, -122.411169)"
788,Private,2431 Alameda St,120,"(37.767757, -122.409248)"
789,SF Sheriff,120 14th St,18,"(37.768579, -122.416155)"
790,Private,352 Florida St,40,"(37.764778, -122.411401)"
791,Private,2498 23rd St,150,"(37.754734, -122.404264)"
792,Private,2670 23rd St,40,"(37.754515, -122.405771)"
793,Private,1091 Potrero Ave,26,"(37.75488, -122.40585)"
794,Private,1380 14th Ave,22,"(37.762396, -122.471134)"
795,Port of SF,Pier 96,57,"(37.740114, -122.371834)"
796,Port of SF,1899 Tennessee St,15,"(37.747962, -122.387908)"
797,Port of SF,101 23rd St,30,"(37.755664, -122.381762)"
798,Private,120 23rd Street,92,"(37.755848, -122.383571)"
799,Port of SF,102 23rd Street,100,"(37.756475, -122.382758)"
800,Private,550 22nd St,50,"(37.758586, -122.386738)"
801,Port of SF,101 20th Street,2100,"(37.758249, -122.38345)"
802,Port of SF, ,9,"(37.788885, -122.387074)"
803,Port of SF, ,60,"(37.800217, -122.397242)"
804,Private,Pier Twentyseven,60,"(37.803972, -122.400818)"
805,Port of SF, ,35,"(37.80911, -122.41663)"
806,Private,93 Emerson St,40,"(37.783336, -122.447678)"
807,Private,Blake St,60,"(37.783333, -122.451558)"
808,Private,Geary,50,"(37.781358, -122.453223)"
809,Private,Geary,42,"(37.781321, -122.462539)"
810,Private,Geary,36,"(37.780754, -122.462168)"
811,Private,Geary,70,"(37.780789, -122.461166)"
812,Private,Geary,40,"(37.781434, -122.460263)"
813,Private,09th Ave,12,"(37.782278, -122.46698)"
814,Private,08th Ave,30,"(37.781916, -122.466616)"
815,Private,1064 Mission St,100,"(37.780199, -122.409833)"
816,Private,450 Jessie St,15,"(37.782453, -122.40811)"
817,Private,971 Mission St,38,"(37.781337, -122.407627)"
818,Private,467 Minna St,22,"(37.780934, -122.407166)"
819,Private,109 Turk St,25,"(37.782899, -122.411053)"
820,Private,2550 41st Ave,30,"(37.739683, -122.498264)"
821,SFSU,20 N State Dr,420,"(37.726324, -122.481526)"
822,SFSU,3659 19th Ave,17,"(37.721634, -122.475679)"
823,SFSU,99 S State Dr,524,"(37.724063, -122.481184)"
824,SFSU,SFSU,111,"(37.724246, -122.478782)"
825,SFSU,32 S State Dr,163,"(37.724095, -122.4829)"
826,SFSU,1584 Holloway Ave,54,"(37.721178, -122.476832)"
827,Private,69 Page St,10,"(37.773951, -122.421251)"
828,Private,2521 San Bruno Ave,5,"(37.729864, -122.404078)"
829,Private,5190 03rd St,10,"(37.730826, -122.392162)"
830,Private,1401 19th Ave,11,"(37.761452, -122.477135)"
831,Private,961 Ocean Ave,12,"(37.722866, -122.452504)"
832,Private,4870 Geary Blvd,13,"(37.780922, -122.471269)"
833,Private,2290 Jennings St,8,"(37.725965, -122.389728)"
834,Private,762 FULTON ST,120,"(37.778175, -122.428913)"
835,Private,5201 03rd St,22,"(37.730897, -122.391647)"
836,Private,1798 Alemany Blvd,13,"(37.723782, -122.437406)"
837,Private,2901 Bryant St,3,"(37.748282, -122.408253)"
838,Private,2505 Lombard St,18,"(37.798676, -122.442611)"
839,Private,2322 Lombard St,18,"(37.799586, -122.43965)"
840,Private,1298 Howard St,21,"(37.775213, -122.412999)"
841,Private,1200 Irving St,112,"(37.764001, -122.470527)"
842,Private,5894 Mission St,12,"(37.709027, -122.45234)"
843,Private,50 03RD ST,85,"(37.786664, -122.402804)"
844,Private,2831 Cesar Chavez St,6,"(37.748504, -122.406392)"
845,Private,1850 Mission St,28,"(37.767397, -122.419971)"
846,Private,1251 Ocean Ave,40,"(37.723506, -122.455536)"
847,Private,701 Phelps St,8,"(37.740875, -122.389797)"
848,Private,1890 19th Ave,5,"(37.752644, -122.475802)"
849,Private,6202 03rd St,20,"(37.72244, -122.39572)"
850,Private,47 Duboce Ave,24,"(37.769658, -122.420855)"
851,Private,1450 Noriega St,7,"(37.754278, -122.478985)"
852,Private,2720 14th Ave,15,"(37.738453, -122.469124)"
853,Private,2835 Geary Blvd,39,"(37.781874, -122.44922)"
854,Private,3279 23rd St,12,"(37.753611, -122.417913)"
855,Private,2645 San Bruno Ave,26,"(37.728301, -122.40343)"
856,Private,1201 Columbus Ave,16,"(37.805048, -122.417324)"
857,Private,1300 Carroll,10,"(37.72202, -122.387604)"
858,Private,1326 Grove St,23,"(37.776014, -122.438362)"
859,Private,2222 MARKET ST,33,"(37.765493, -122.431649)"
860,Private,280 Lee Ave,11,"(37.723012, -122.453664)"
861,Private,3950 24th St,37,"(37.75166, -122.430616)"
862,Private,1504 Bryant St,41,"(37.768139, -122.410956)"
863,Private,1717 Harrison St,178,"(37.76899, -122.412576)"
864,Private,625 Bay Shore Blvd,36,"(37.737456, -122.40634)"
865,Private,364 09th St,40,"(37.772783, -122.410626)"
866,Private,121 07th ST,110,"(37.778846, -122.409981)"
867,Private,140 07th St,70,"(37.778468, -122.41024)"
868,Private,112 07TH ST,15,"(37.77883, -122.410694)"
869,Private,20 Orange St,24,"(37.752255, -122.420172)"
870,Private,1301 Van Ness Ave,44,"(37.787374, -122.421783)"
871,Private,160 Church St,26,"(37.768382, -122.429399)"
872,Private,2460 Lombard St,24,"(37.799293, -122.441833)"
873,Private,2400 Irving St,26,"(37.76343, -122.483486)"
874,Private,1675 Howard St,9,"(37.77068, -122.416985)"
875,Private,220 San Bruno St,70,"(37.766215, -122.406036)"
876,Private,350 Broderick St,80,"(37.773377, -122.438738)"
877,Private,1533 Bush St,27,"(37.788162, -122.422312)"
878,Private,1599 Lombard St,30,"(37.800592, -122.427436)"
879,Private,40 Pier Seven,12,"(37.799695, -122.397496)"
880,Private,245 Bay Shore Blvd,29,"(37.744091, -122.403945)"
881,Private,4780 Mission St,18,"(37.721722, -122.437112)"
882,Private,830 Eddy St,25,"(37.782978, -122.421236)"
883,Private,1485 Bayshore Blvd,302,"(37.725829, -122.401116)"
884,Private,1555 Burke Ave,62,"(37.744255, -122.386035)"
885,Private,1750 Cesar Chavez St,590,"(37.750016, -122.394168)"
886,Private,1799 Egbert Ave,150,"(37.726489, -122.398957)"
887,Private,1945 Carroll Ave,55,"(37.728556, -122.399554)"
888,Private,2177 Jerrold Ave,18,"(37.744519, -122.399834)"
889,Private,222 Napoleon St,24,"(37.746896, -122.399572)"
890,Private,3450 03rd St,50,"(37.745545, -122.387265)"
891,Private,50 Mendell St,128,"(37.743536, -122.383473)"
892,Private,175 Mendell St,48,"(37.742001, -122.383408)"
893,Private,1095 Hyde St,50,"(37.79077, -122.417433)"
894,Private,200 Industrial Ave,35,"(37.738879, -122.404108)"
895,Private,359 08th St,28,"(37.774495, -122.408948)"
896,Private,118 Hawthorne St,26,"(37.78417, -122.397422)"
897,Private,2015 GREENWICH ST,40,"(37.799074, -122.432702)"
898,Presidio,2311 Taraval St,10,"(37.742127, -122.490684)"
899,Private,1101 VAN NESS AVE,420,"(37.78574, -122.422046)"
900,Private,186 Sanchez St,20,"(37.766157, -122.431112)"
901,Private,727 VALENCIA ST,30,"(37.761502, -122.421137)"
902,Private,101 Bayshore,4,"(37.749738, -122.40509)"
903,Private,3675 Geary Blvd,6,"(37.780955, -122.45832)"
904,Private,6002 Geary Blvd,15,"(37.780324, -122.483447)"
905,Private,784 Ulloa St,9,"(37.740834, -122.464376)"
906,Private,3750 03rd St,3,"(37.743117, -122.387839)"
907,Private,1929 Market St,7,"(37.770109, -122.424905)"
908,Private,838 Oak St,14,"(37.773827, -122.432992)"
909,Private,1201 19th Ave,24,"(37.765204, -122.477432)"
910,Private,701 Rutland St,14,"(37.713043, -122.406649)"
911,Private,1900 Noriega St,14,"(37.754062, -122.483906)"
912,Private,4481 Geary Blvd,24,"(37.780578, -122.466841)"
913,Private,2675 Geary Blvd,550,"(37.781559, -122.445957)"
914,Private,3003 03rd St,11,"(37.751081, -122.387103)"
915,Private,1601 Folsom St,7,"(37.770636, -122.414644)"
916,Private,1298 Valencia St,14,"(37.7522, -122.420748)"
917,Private,388 32nd Ave,19,"(37.781904, -122.491946)"
918,Private,888 Tennessee St,18,"(37.760604, -122.389576)"
919,Private,1075 Columbus Ave,16,"(37.803936, -122.415719)"
920,Private,2775 Van Ness Ave,80,"(37.80096, -122.424657)"
921,Private,601 Bay Shore Blvd,18,"(37.737784, -122.406381)"
922,Private,355 Ocean Ave,65,"(37.722705, -122.443992)"
923,Private,450 Connecticut St,22,"(37.760531, -122.397378)"
924,Private,275 Taraval St,39,"(37.743097, -122.468614)"
925,Private,625 Brotherhood Way,58,"(37.71236, -122.472341)"
926,Private,801 Silver Ave,139,"(37.729215, -122.419226)"
927,Private,6190 03rd St,30,"(37.722746, -122.39564)"
928,Private,1901 Lombard St,30,"(37.799928, -122.432663)"
929,Private,2190 Lombard St,94,"(37.799884, -122.437302)"
930,Private,1870 Cesar Chavez St,50,"(37.749922, -122.395786)"
931,Private,723 Lincoln Way,9,"(37.765656, -122.465462)"
932,Private,2208 Alameda St,70,"(37.768562, -122.406796)"
933,Private,2358 Lombard St,18,"(37.799523, -122.440147)"
934,Private,1237 South VanNess Ave,66,"(37.753306, -122.415907)"
935,Private,4201 18th St,18,"(37.760564, -122.436012)"
936,Private,3127 Mission St,20,"(37.747282, -122.418281)"
937,DMV,1377 Fell St,142,"(37.773443, -122.440231)"
938,Private,2151 Oakdale Ave,26,"(37.740042, -122.400273)"
939,Private,301 25th Ave,5,"(37.783636, -122.485067)"
940,Private,3434 17th St,26,"(37.763413, -122.422315)"
941,Private,750 Bryant St,12,"(37.777158, -122.401225)"
942,Private,678 Portola Dr,20,"(37.745028, -122.452947)"
943,Private,430 Irwin St,15,"(37.767928, -122.398186)"
944,Private,1801 Vicente St,15,"(37.738602, -122.48583)"
945,Private,4600 Mission St,23,"(37.724587, -122.434946)"
946,Private,2230 Mission St,13,"(37.76122, -122.419375)"
947,Private,570 Turk St,30,"(37.782394, -122.418301)"
948,Private,3945 Judah St,4,"(37.760242, -122.504074)"
949,Private,2820 Alemany Blvd,56,"(37.712964, -122.450987)"
950,Private,2990 San Bruno Ave,4,"(37.724122, -122.402246)"
951,Private,2800 Geary Blvd,22,"(37.782469, -122.449191)"
952,Private,121 Haight St,14,"(37.772619, -122.424322)"
953,Private,279 West Portal Ave,12,"(37.738076, -122.468282)"
954,Private,1699 Market St,28,"(37.772368, -122.422134)"
955,Private,649 Brannan St,12,"(37.775509, -122.399477)"
956,Private,1810 Folsom St,132,"(37.768248, -122.415933)"
957,Private,345 Williams Ave,107,"(37.729945, -122.399045)"
958,Private,242 Laguna Honda Blvd,53,"(37.750171, -122.460885)"
959,Private,757 Market St,300,"(37.786314, -122.404414)"
960,Private,1210 Armstrong,20,"(37.722291, -122.384757)"
961,Private,1501 Lombard St,30,"(37.800764, -122.426082)"
962,GGNRA,1368 Bay St,100,"(37.803745, -122.429329)"
963,Private,191 SUTTER ST,40,"(37.789607, -122.403385)"
964,Private,4750 Geary Blvd,17,"(37.780978, -122.470009)"
965,Private,2558 Mission St,12,"(37.755772, -122.419428)"
966,Private,1201 Webster St,71,"(37.781533, -122.430695)"
967,Private,1540 PINE ST,40,"(37.789687, -122.421045)"
968,Private,902 07th St,24,"(37.770231, -122.399903)"
969,Private,101 Cargo Way,36,"(37.740284, -122.377474)"
970,Private,204 Division St,150,"(37.769499, -122.406342)"
971,Private,2301 Market St,23,"(37.763548, -122.433026)"
972,Private,551 Nevada St,16,"(37.73514, -122.411327)"
973,Private,600 Goettingen St,44,"(37.724231, -122.405579)"
974,Private,750 Brannan St,23,"(37.774008, -122.402112)"
975,Private,345 STOCKTON ST,300,"(37.788826, -122.406916)"
976,Private,3201 Steiner St,18,"(37.7987, -122.437589)"
977,Private,3865 Irving St,12,"(37.762332, -122.499019)"
978,Private,1123 Sutter St,30,"(37.787656, -122.418696)"
979,Private,260 Golden Gate St,29,"(37.781885, -122.41462)"
980,Private,99 Harding Rd,374,"(37.724088, -122.493355)"
981,Private,99 Harding Rd,48,"(37.724516, -122.494471)"
982,Private,1050 Marin St,30,"(37.749192, -122.386779)"
983,Private,2550 VAN NESS AVE,85,"(37.799024, -122.423529)"
984,Private,180 Pennsylvania St,60,"(37.764324, -122.393832)"
985,Private,590 BAY ST,150,"(37.805402, -122.416466)"
986,Private,2357 Lombard St,20,"(37.798995, -122.440009)"
987,Private,2095 Van Ness Ave,35,"(37.794629, -122.423377)"
988,Private,1300 Columbus Ave,115,"(37.806115, -122.418065)"
989,Private,1500 Van Ness Ave,400,"(37.789342, -122.421657)"
990,Private,50 08th ST,200,"(37.777681, -122.41368)"
991,Private,550 NORTH POINT ST,96,"(37.806397, -122.416118)"
992,Private,1575 South Van Ness Ave,10,"(37.748464, -122.415441)"
993,Private,3150 California St,24,"(37.787504, -122.44596)"
994,Private,999 Brotherhood Way,160,"(37.713946, -122.482646)"
995,Private,1674 Lombard St,9,"(37.800956, -122.428857)"
996,Private,480 SUTTER ST,120,"(37.789433, -122.408042)"
997,Private,3100 WEBSTER ST,37,"(37.799192, -122.433788)"
998,Private,1500 Sutter St,20,"(37.787265, -122.42506)"
999,Private,1800 Sutter Street,30,"(37.786639, -122.429988)"
1000,Private,617 Bryant St,19,"(37.778965, -122.398203)"
1001,Private,555 North Point St,101,"(37.805983, -122.416092)"
1002,Private,2626 San Bruno Ave,14,"(37.728346, -122.403997)"
1003,Private,2349 Taylor St,13,"(37.804061, -122.415055)"
1004,Private,2299 Lombard St,13,"(37.79913, -122.438948)"
1005,Private,4675 Geary Blvd,9,"(37.780498, -122.469041)"
1006,Private,2201 VAN NESS AVE,57,"(37.795617, -122.423499)"
1007,Private,435 Valencia St,12,"(37.765997, -122.421546)"
1008,Private,660 Selby St,80,"(37.743182, -122.396828)"
1009,Private,101 Utah St,150,"(37.768255, -122.406338)"
1010,Private,302 Silver Ave,165,"(37.728421, -122.430868)"
1011,Private,300 07th ST,22,"(37.776509, -122.407781)"
1012,Private,638 04th St,14,"(37.777673, -122.395948)"
1013,Private,401 Newhall St,8,"(37.741717, -122.386212)"
1014,Private,500 Turk St,10,"(37.782513, -122.417355)"
1015,Private,438 Taraval St,20,"(37.743425, -122.47052)"
1016,Private,565 South Van Ness,35,"(37.764378, -122.416967)"
1017,Private,1375 Howard St,19,"(37.774097, -122.413681)"
1018,Private,1610 Jerrold Ave,12,"(37.739063, -122.389324)"
1019,Private,200 Duboce Ave,6,"(37.769882, -122.424584)"
1020,Private,2101 Lombard St,4,"(37.799511, -122.435949)"
1021,Private,4299 Mission St,15,"(37.728747, -122.430592)"
1022,Private,1150 Taraval St,4,"(37.743088, -122.478204)"
1023,Private,1572 Steiner St,13,"(37.783802, -122.43405)"
1024,Private,4190 Geary Blvd,10,"(37.781259, -122.463955)"
1025,Private,1825 Egbert Ave,26,"(37.726739, -122.400034)"
1026,Private,1152 Ocean Ave,119,"(37.723873, -122.454987)"
1027,Private,2150 Taraval St,6,"(37.742617, -122.488918)"
1028,Private,3825 Geary Blvd,40,"(37.78083, -122.46054)"
1029,Private,7001 Geary Blvd,5,"(37.779381, -122.494137)"
1030,Private,2599 Lombard St,51,"(37.798508, -122.443931)"
1031,Private,280 Brighton Ave,22,"(37.723173, -122.454684)"
1032,Private,1225 La Playa St,18,"(37.763354, -122.509848)"
1033,Private,99 Lakeshore Plz,600,"(37.733436, -122.490478)"
1034,Private,2024 Ocean Ave,22,"(37.726445, -122.464619)"
1035,Private,3545 California St,221,"(37.786273, -122.452285)"
1036,Private,4175 Mission St,67,"(37.73002, -122.429473)"
1037,Private,240 Townsend St,32,"(37.778193, -122.393702)"
1038,Private,300 Lake St,59,"(37.78693, -122.462264)"
1039,Private,1475 Lombard St,38,"(37.800842, -122.425464)"
1040,Private,1110 Valencia St,14,"(37.754826, -122.421028)"
1041,Private,2576 Lombard St,20,"(37.799054, -122.443724)"
1042,Private,299 02ND ST,120,"(37.785682, -122.396384)"
1043,Private,1250 COLUMBUS AVE,73,"(37.805687, -122.417451)"
1044,Private,55 04TH ST,250,"(37.785102, -122.40454)"
1045,Private,975 Bush St,21,"(37.78934, -122.413008)"
1046,Private,1889 Haight St,52,"(37.768952, -122.453003)"
1047,Private,189 Townsend St,13,"(37.77889, -122.392083)"
1048,Private,2103 16th St,16,"(37.765531, -122.407626)"
1049,Private,2821 Oakdale Ave,43,"(37.742442, -122.404509)"
1050,Private,345 Bay Shore,34,"(37.805479, -122.412479)"
1051,Private,5413 03rd St,37,"(37.728028, -122.392539)"
1052,Private,5450 Mission St,16,"(37.713157, -122.444268)"
1053,Private,570 Golden Gate Ave,20,"(37.781245, -122.419755)"
1054,Private,820 Bryant St,28,"(37.775803, -122.402941)"
1055,Private,1201 Ocean Ave,29,"(37.723417, -122.455112)"
1056,Private,2161 Lombard St,22,"(37.799405, -122.43678)"
1057,Private,3355 Geary Blvd,49,"(37.781195, -122.454536)"
1058,Private,989 Post St,12,"(37.786819, -122.417787)"
1059,Private,701 Portola Dr,4,"(37.744359, -122.453012)"
1060,Private,3068 16th St,16,"(37.765116, -122.421036)"
1061,Private,798 Valencia St,10,"(37.760279, -122.421481)"
1062,RPD,2450 Harrison St,13,"(37.757945, -122.412464)"
1063,Private,2435 California St,60,"(37.788576, -122.43423)"
1064,Private,5750 Mission St,10,"(37.709806, -122.450047)"
1065,Private,100 Diamond St,35,"(37.760534, -122.437244)"
1066,Private,895 GEARY ST,57,"(37.785877, -122.41764)"
1067,Private,1525 Burke Ave,60,"(37.743935, -122.385473)"
1068,Private,300 Ulloa St,28,"(37.742058, -122.457213)"
1069,Private,4 Persia Ave,14,"(37.723548, -122.43642)"
1070,Private,49 Kern St,26,"(37.733795, -122.43426)"
1071,Private,2785 Newhall St,62,"(37.727882, -122.39839)"
1072,Private,1215 Fairfax Ave,12,"(37.738133, -122.381915)"
1073,Private,1270 La Playa St,20,"(37.762703, -122.509248)"
1074,Private,1275 Fairfax Ave,26,"(37.73865, -122.382823)"
1075,Private,1575 Burke Ave,12,"(37.744469, -122.38641)"
1076,Private,1759 Lincoln Way,12,"(37.765163, -122.476622)"
1077,Private,220 Newhall St,44,"(37.742615, -122.384169)"
1078,Private,2598 Taylor St,19,"(37.806236, -122.414967)"
1079,Private,2648 03rd St,24,"(37.756087, -122.388218)"
1080,Private,900 Franklin St,43,"(37.782717, -122.422027)"
1081,Private,1490 Ocean Ave,14,"(37.724465, -122.45779)"
1082,Private,232 Dorado Ter,20,"(37.726484, -122.461442)"
1083,Private,1750 Harrison St,75,"(37.769046, -122.413492)"
1084,Private,3300 Cesar Chavez,3,"(37.748407, -122.415909)"
1085,Private,599 Skyline Blvd,340,"(37.714519, -122.496399)"
1086,Private,1050 Van Ness Ave,30,"(37.785344, -122.420829)"
1087,Private,855 Brotherhood Way,72,"(37.714206, -122.478878)"
1088,Private,5400 Mission St,4,"(37.713653, -122.443737)"
1089,Private,2598 Bayshore Blvd,4,"(37.709034, -122.405187)"
1090,Private,2000 19th Ave,3,"(37.7503, -122.475639)"
1091,Private,325 04th St,9,"(37.781868, -122.400469)"
1092,Private,1555 Union St,30,"(37.798188, -122.42464)"
1093,Private,975 BRYANT ST,50,"(37.772926, -122.405845)"
1094,Private,2946 Alemany Blvd,98,"(37.711782, -122.452506)"
1095,Private,1157 Capp St,11,"(37.748242, -122.417208)"
1096,Private,3127 22nd St,8,"(37.755272, -122.417064)"
1097,Private,6001 Geary Blvd,8,"(37.779878, -122.483393)"
1098,Private,1960 Carroll Ave,26,"(37.72902, -122.399708)"
1099,Private,651 BRANNAN ST,6,"(37.77548, -122.399514)"
1100,Private,250 Florida St,21,"(37.766047, -122.411554)"
1101,Private,1975 Market St,10,"(37.769099, -122.426187)"
1102,Private,3701 Noriega St,4,"(37.752799, -122.503167)"
1103,Private,601 Eddy St,29,"(37.783039, -122.417463)"
1104,Private,3535 Geary Blvd,22,"(37.781026, -122.456615)"
1105,Private,426 33rd Ave,7,"(37.780985, -122.492954)"
1106,Private,3349 Mission St,7,"(37.743105, -122.420984)"
1107,Private,3349 Mission St,8,"(37.743105, -122.420984)"
1108,Presidio,950 p-Mason St,140,"(37.805281, -122.468629)"
1109,Private,659 South Van Ness,16,"(37.762619, -122.416796)"
1110,Presidio,132 Fisher Loop,38,"(37.799566, -122.461759)"
1111,Private,2264 16th St,800,"(37.765947, -122.409035)"
1112,Private,2390 Market St,12,"(37.763116, -122.434808)"
1113,Presidio,1146 Gorgas Ave,135,"(37.802948, -122.451021)"
1114,Presidio,51 P-Arguello Blvd,148,"(37.790462, -122.459219)"
1115,Private,2361 Lombard St,20,"(37.798988, -122.440064)"
1116,Private,1500 19th Ave,6,"(37.759625, -122.476281)"
1117,Private,210 Beach St,165,"(37.807808, -122.412479)"
1118,Private,1748 Folsom St,42,"(37.769229, -122.414886)"
1119,Private,1940 Lombard St,16,"(37.800389, -122.433322)"
1120,Private,240 07th St,15,"(37.777259, -122.408722)"
1121,Private,855 Terry A Francois Blvd,40,"(37.764853, -122.386755)"
1122,Private,1530 Lombard St,27,"(37.801242, -122.426604)"
1123,Private,840 Brannan St,110,"(37.772401, -122.404145)"
1124,Private,1965 Market St,29,"(37.769465, -122.425868)"
1125,Private,2045 Evans,86,"(37.747613, -122.396405)"
1126,Private,1580 Tennessee St,13,"(37.751656, -122.388719)"
1127,RPD,251 18th Ave,16,"(37.783216, -122.477511)"
1128,Private,231 Dorado Ter,60,"(37.726079, -122.461488)"
1129,Private,2828 Sloat Blvd,35,"(37.735717, -122.504362)"
1130,Private,101 09th St,22,"(37.77605, -122.413914)"
1131,Private,860 Eddy St,16,"(37.782926, -122.421639)"
1132,Private,685 07th St,37,"(37.772179, -122.401615)"
1133,Private,6333 Geary Blvd,31,"(37.779655, -122.487048)"
1134,Private,211 Industrial Ave,33,"(37.738314, -122.404351)"
1135,Private,5501 03rd St,7,"(37.727616, -122.392777)"
1136,Private,1391 Webster St,270,"(37.783534, -122.431445)"
1137,Private,15 Marina Blvd,175,"(37.80492, -122.432227)"
1138,Private,2050 Market St,223,"(37.768348, -122.428196)"
1139,Private,215 Townsend St,250,"(37.777227, -122.3934)"
1140,Private,2350 Noriega St,80,"(37.753854, -122.488628)"
1141,Private,3350 Mission St,118,"(37.743086, -122.421579)"
1142,Private,4950 Mission St,119,"(37.719447, -122.438874)"
1143,Private,5290 Diamond Heights Blvd,142,"(37.743589, -122.438122)"
1144,Private,631 Monterey Blvd,63,"(37.73124, -122.449455)"
1145,Private,730 Taraval St,66,"(37.743284, -122.473747)"
1146,Private,850 La Playa St,187,"(37.772276, -122.509516)"
1147,Private,490 Goettingen St,15,"(37.725744, -122.406209)"
1148,Private,300 Deharo St,15,"(37.76594, -122.401777)"
1149,Private,2480 San Bruno Ave,21,"(37.730452, -122.404864)"
1150,Private,3800 03rd St,4,"(37.742753, -122.387989)"
1151,Private,146 Executive Park Blvd,436,"(37.711016, -122.391436)"
1152,Private,156 Executive Park Blvd,135,"(37.710997, -122.393391)"
1153,Private,1022 Peralta Ave,245,"(37.736874, -122.409199)"
1154,Private,1828 Egbert Ave,59,"(37.727157, -122.399987)"
1155,Private,1388 46th Ave,16,"(37.760724, -122.505504)"
1156,Private,2200 Bayshore Blvd,8,"(37.712345, -122.402336)"
1157,Private,2222 Taraval St,15,"(37.74258, -122.489745)"
1158,Private,3080 San Jose Ave,12,"(37.709954, -122.457329)"
1159,SFDPH,240 Shotwell St,24,"(37.764918, -122.416427)"
1160,Private,1750 Lombard St,12,"(37.800789, -122.430171)"
1161,Presidio,112 Fisher Loop,48,"(37.79955, -122.461961)"
1162,Private,501 Tunnel Ave,21,"(37.708475, -122.400881)"
1163,SFFD,655 Presidio Ave,11,"(37.785717, -122.446575)"
1164,SFGH,905 Potrero,24,"(37.75773, -122.406127)"
1165,Private,2399 19th Ave,11,"(37.743169, -122.475783)"
1166,Private,3035 Geary Blvd,5,"(37.781609, -122.451253)"
1167,Private,319 Bay Shore Blvd,4,"(37.742603, -122.404945)"
1168,Private,1549 Silver Ave,10,"(37.732638, -122.405418)"
1169,Private,2501 California St,9,"(37.788425, -122.435419)"
1170,Private,320 04th St,4,"(37.781582, -122.400842)"
1171,Private,2525 Irving St,18,"(37.762963, -122.484741)"
1172,Private,3911 03rd St,160,"(37.741637, -122.387747)"
1173,Private,2190 Carroll Ave,5,"(37.730714, -122.402945)"
1174,Private,1548 Silver Ave,5,"(37.732297, -122.405128)"
1175,Private,92 The Embarcadero,42,"(37.795281, -122.392068)"
1176,Private,2700 Sloat Blvd,35,"(37.735628, -122.502821)"
1177,Private,174 South Van Ness Ave,34,"(37.770495, -122.417962)"
1178,Private,353 Bay Shore Blvd,56,"(37.741856, -122.405501)"
1179,Private,2401 Keith St,5,"(37.725993, -122.391889)"
1180,Private,3050 23rd St,19,"(37.754328, -122.412861)"
1181,Private,1195 Evans Ave,23,"(37.738359, -122.380742)"
1182,Private,1690 Folsom St,56,"(37.769819, -122.41556)"
1183,Private,1590 Bryant St,32,"(37.767192, -122.410769)"
1184,Presidio,610 p-Mason St,400,"(37.803128, -122.458125)"
1185,Presidio,694 p-Mason ST,30,"(37.803437, -122.456789)"
1186,Private,1810 Pierce St,100,"(37.786755, -122.436335)"
1187,Private,825 Newhall St,12,"(37.739161, -122.388517)"
1188,Private,1940 Turk St,13,"(37.779529, -122.440892)"
1189,Private,245 Olympia Way,49,"(37.750992, -122.451113)"
1190,Private,1111 Gough St,200,"(37.784623, -122.425286)"
1191,Private,3281 16th St,25,"(37.764423, -122.425658)"
1192,Private,5200 Diamond Heights Blvd,14,"(37.744901, -122.44005)"
1193,Private,1248 Alabama St,48,"(37.751838, -122.410957)"
1194,Private,1025 Masonic St,55,"(37.771717, -122.446149)"
1195,Private,3215 Cesar Chavez St,48,"(37.747934, -122.414239)"
1196,Private,2250 Hayes St,111,"(37.773404, -122.453119)"
1197,Private,1300 Junipero Serra Blvd,50,"(37.714094, -122.471762)"
1198,Private,1727 Lombard St,49,"(37.8003, -122.429732)"
1199,Private,3251 20th Avenue,3700,"(37.728946, -122.47604)"
1200,Private,65 Cambon Dr,80,"(37.718091, -122.474036)"
1201,Private,1840 POWELL ST,50,"(37.801551, -122.410651)"
1202,Private,1700 Noriega St,5,"(37.754156, -122.481764)"
1203,Private,2801 Vicente St,11,"(37.738119, -122.496758)"
1204,Private,2440 Lombard St,16,"(37.799329, -122.441552)"
1205,Private,2265 Lombard St,25,"(37.79919, -122.438479)"
1206,Private,3898 California St,11,"(37.785851, -122.458919)"
1207,Private,7355 Geary Blvd,17,"(37.779171, -122.497966)"
1208,Private,154 South Van Ness Ave,7,"(37.771023, -122.418165)"
1209,Private,3201 17th St,17,"(37.763349, -122.41742)"
1210,Private,65 Beverly St,24,"(37.717162, -122.471694)"
1211,Private,2200 Market St,15,"(37.765716, -122.431384)"
1212,Private,1446 McAllister St,35,"(37.77827, -122.435685)"
1213,Presidio,1030 Edie Rd,160,"(37.801108, -122.451869)"
1214,Private,2502 Geary St,7,"(37.78291, -122.444477)"
1215,Private,1650 Lombard St,22,"(37.800998, -122.428525)"
1216,Private,3 Masonic Ave,60,"(37.783126, -122.447271)"
1217,Private,401 Bay St,48,"(37.805347, -122.413538)"
1218,Private,555 09th St,378,"(37.770716, -122.407328)"
1219,Private,1450 Lombard St,50,"(37.801415, -122.425241)"
1220,Private,1707 Market St,39,"(37.771962, -122.42213)"
1221,Private,2230 Lombard St,25,"(37.79978, -122.438118)"
1222,Private,130 Townsend St,7,"(37.78019, -122.391172)"
1223,Private,333 Bay St,5,"(37.805499, -122.412317)"
1224,Private,2500 Bayshore Blvd,2,"(37.710373, -122.404443)"
1225,Private,5301 03rd St,6,"(37.729205, -122.392171)"
1226,Private,1140 Crescent Ave,25,"(37.734388, -122.411714)"
1227,Private,438 08th St,30,"(37.773099, -122.407924)"
1228,Private,901 Fillmore St,31,"(37.777712, -122.43166)"
1229,Private,889 Tennessee St,23,"(37.760635, -122.389059)"
1230,Private,4991 03rd St,18,"(37.733095, -122.390792)"
1231,Private,385 09th St,16,"(37.772847, -122.409978)"
1232,Private,301 Claremont Blvd,11,"(37.740451, -122.46463)"
1233,Private,2991 San Bruno Ave,2,"(37.724039, -122.401666)"
1234,VA,4150 Clement St,1214,"(37.782172, -122.504587)"
1235,Private,1 Newhall St,28,"(37.739055, -122.377772)"
1236,Private,1990 Ocean Ave,25,"(37.72616, -122.46406)"
1237,Private,181 03RD ST,400,"(37.785383, -122.400421)"
1238,Private,2120 POLK ST,28,"(37.796181, -122.421373)"
1239,Private,5300 03rd St,44,"(37.729287, -122.392705)"
1240,Private,660 04th St,10,"(37.777343, -122.395535)"
1241,Private,1301 Franklin St,22,"(37.786368, -122.42329)"
1242,Private,1690 Ocean Ave,20,"(37.724842, -122.459573)"
1243,Private,199 Parnassus Ave,13,"(37.764275, -122.452203)"
1244,Private,2131 Ofarrell,23,"(37.782131, -122.439752)"
1245,Private,2225 Bush St,9,"(37.786707, -122.433716)"
1246,Private,270 Fell Street,15,"(37.776174, -122.4221)"
1247,Private,3001 Taraval St,21,"(37.741796, -122.498093)"
1248,Private,3201 Divisadero St,21,"(37.799017, -122.442735)"
1249,Private,70 Capp St,61,"(37.765686, -122.418723)"
1250,Private,795 Eddy St,25,"(37.78267, -122.420369)"
1251,Private,1199 Potrero Ave,24,"(37.753117, -122.405563)"
1252,Private,2145 Market St,30,"(37.766552, -122.429423)"
1253,Private,104 Vicente Ave,15,"(37.740035, -122.467217)"
1254,Private,153 West Portal Ave,15,"(37.738973, -122.467226)"
1255,Private,1740 Divisadero St,6,"(37.785635, -122.439459)"
1256,Private,3027 16th St,10,"(37.764764, -122.420011)"
1257,Private,3670 Geary Blvd,21,"(37.781508, -122.458328)"
1258,Private,800 Ulloa St,5,"(37.740803, -122.464949)"
1259,Private,2601 Mason St,38,"(37.807496, -122.414061)"
1260,Private,200 Jennings St,42,"(37.739138, -122.377881)"
1261,Private,3315 18th St,23,"(37.761691, -122.417345)"
1262,Private,1765 California St,90,"(37.789988, -122.423123)"
1263,Private,450 Rhode Island St,155,"(37.764069, -122.402571)"
1264,Private,2715 Geary Blvd,17,"(37.781992, -122.44805)"
1265,Private,1791 Ocean Ave,15,"(37.724642, -122.460938)"
1266,Private,1220 06th St,14,"(37.765624, -122.462757)"
1267,Private,354 18th Ave,11,"(37.781284, -122.476853)"
1268,Private,1555 Yosemite,81,"(37.726148, -122.390771)"
1269,Private,3489 Mission St,9,"(37.741053, -122.422311)"
1270,Private,2511 California St,9,"(37.788407, -122.435553)"
1271,Private,540 Ellis St,15,"(37.784726, -122.41496)"
1272,Private,100 Buchanan St,80,"(37.771535, -122.42642)"
1273,Private,281 Noe St,39,"(37.764887, -122.432749)"
1274,Private,50 Trumbull St,40,"(37.730522, -122.428742)"
1275,Private,100 Valencia St,6,"(37.771303, -122.422517)"
1276,Private,1479 Illinois St,25,"(37.753291, -122.386322)"
1277,Private,1490 Illinois St,20,"(37.753134, -122.386989)"
1278,Private,2955 03rd St,30,"(37.752073, -122.387162)"
1279,Private,898 Pennsylvania St,50,"(37.755154, -122.393259)"
1280,Private,902 Pennsylvania St,40,"(37.754777, -122.393234)"
1281,Private,501 23rd St,55,"(37.755309, -122.383242)"
1282,Private,2201 Market St,8,"(37.765395, -122.430998)"
1283,Private,431 South Van Ness,15,"(37.766137, -122.417067)"
1284,Private,392 South Van Ness Ave,12,"(37.766933, -122.417745)"
1285,Private,750 South Van Ness Ave,10,"(37.761116, -122.416623)"
1286,Private,451 Capp St,46,"(37.759525, -122.417155)"
1287,Private,890 South Van Ness Ave,12,"(37.758863, -122.416937)"
1288,Private,462 Florida St,20,"(37.763308, -122.411715)"
1289,Private,2480 16th St,12,"(37.765714, -122.410964)"
1290,Private,2428 16th St,18,"(37.765365, -122.410673)"
1291,Private,986 South Van Ness Ave,8,"(37.757395, -122.416812)"
1292,Private,966 South Van Ness Ave,28,"(37.758041, -122.416868)"
1293,Private,50 14th St,13,"(37.768699, -122.41456)"
1294,Private,180 14th St,20,"(37.768543, -122.417383)"
1295,Private,214 14th St,22,"(37.768529, -122.417927)"
1296,Private,215 14th St,24,"(37.768172, -122.417866)"
1297,Private,1811 Noriega Ave,27,"(37.753974, -122.476687)"
1298,Private,1799 19th Ave,10,"(37.754392, -122.476623)"
1299,SFPL,Scott St,20,"(37.784331, -122.437409)"
1300,Private,2140 Geary Blvd,30,"(37.783849, -122.438333)"
1301,medical,Geary,20,"(37.783156, -122.442183)"
1302,Private,Masonic,20,"(37.782777, -122.447215)"
1303,Private,2700 Geary,20,"(37.782818, -122.448166)"
1304,Private,Lorraine Ct,42,"(37.780454, -122.457133)"
1305,Private,Stanyan St,18,"(37.780696, -122.456292)"
1306,Private,04th Ave,24,"(37.780531, -122.461635)"
1307,Private,Geary Blvd,10,"(37.780543, -122.467591)"
1308,Private,10th Ave,20,"(37.780288, -122.467985)"
1309,Private,29 Rockaway Ave,30,"(37.743506, -122.455367)"
1310,GGNRA,99 Battery Chamberlin,100,"(37.792183, -122.483682)"
1311,GGNRA,99 Gibson Rd,55,"(37.790062, -122.483796)"
1312,DPW,701 Great Hwy,157,"(37.774667, -122.511729)"
1313,RPD,98 Seargeant John Young St,64,"(37.725159, -122.444994)"
1314,RPD,99 Havelock St,12,"(37.72649, -122.443216)"
1315,Presidio,99 p-Lincoln Blvd,49,"(37.803197, -122.476696)"
1316,State of CA,171 Hunters Point Expy,176,"(37.711055, -122.381151)"
1317,State of CA,195 Hunters Point Expy,63,"(37.709499, -122.381434)"
1318,GGNRA,340 Sea Cliff Ave,31,"(37.787251, -122.490992)"
1319,Presidio,99 Zanowitz St,280,"(37.805732, -122.451675)"
1320,GGNRA,50 Merrie Way,100,"(37.780024, -122.511658)"
1321,RPD,1 Telegraph Hill Blvd,30,"(37.802799, -122.405801)"
1322,Presidio,215 Gorgas Ave,96,"(37.803123, -122.452865)"
1323,RPD,1641 Geneva Ave,110,"(37.711994, -122.427879)"
1324,RPD,725 Moscow St,88,"(37.715979, -122.431087)"
1325,Presidio,848 P-Mason St,26,"(37.803066, -122.465356)"
1326,RPD,2500 17th St,42,"(37.76485, -122.408397)"
1327,GGNRA,656 Skyline Blvd,42,"(37.715938, -122.499032)"
1328,GGNRA,Fort Funston Rd,290,"(37.713229, -122.49992)"
1329,RPD,50 Marina Blvd,97,"(37.805264, -122.432798)"
1330,RPD,1000 Great Hwy,82,"(37.769001, -122.51013)"
1331,RPD,1999 John F Kennedy Dr,70,"(37.767795, -122.507305)"
1332,RPD,1820 Martin Luther King Jr Dr,22,"(37.765691, -122.50073)"
1333,RPD,110 Stow Lake Dr,25,"(37.770482, -122.477059)"
1334,RPD,200 Bowling Green Dr,45,"(37.768485, -122.458924)"
1335,RPD,1740 Martin Luther King Jr Dr,35,"(37.76578, -122.499405)"
1336,RPD,6335 Fulton St,30,"(37.77129, -122.498884)"
1337,RPD,1232 John F Kennedy Dr,48,"(37.770067, -122.48703)"
1338,RPD,990 47th Ave,46,"(37.769463, -122.507666)"
1339,RPD,98 Metson Rd,60,"(37.766522, -122.495478)"
1340,RPD,6163 Fulton St,31,"(37.771733, -122.496736)"
1341,RPD,1730 Sunnydale Ave,55,"(37.712306, -122.416653)"
1342,RPD,1145 Lake Merced Blvd,38,"(37.7131, -122.485421)"
1343,RPD,318 John Muir Dr,170,"(37.711918, -122.488671)"
1344,RPD,500 John Muir Dr,26,"(37.715458, -122.492842)"
1345,Presidio,130 P-Arguello Blvd,22,"(37.791964, -122.458383)"
1346,RPD,1298 El Camino Del Mar,54,"(37.785371, -122.499242)"
1347,RPD,3750 Clement St,110,"(37.781708, -122.49489)"
1348,RPD,1350 El Camino Del Mar,227,"(37.785116, -122.501319)"
1349,RPD,370 Marina Blvd,468,"(37.806401, -122.439032)"
1350,RPD,150 Marina Blvd,204,"(37.805768, -122.434358)"
1351,RPD,75 John F Shelley Dr,85,"(37.721799, -122.418069)"
1352,RPD,55 John F Shelley Dr,4,"(37.722905, -122.42152)"
1353,RPD,1720 Sunnydale Ave,10,"(37.712299, -122.416622)"
1354,DPW,1075 Great Hwy,406,"(37.767401, -122.511022)"
1355,RPD,2199 Jefferson St,116,"(37.803842, -122.44784)"
1356,Presidio,51 Palace of Fine Arts,276,"(37.803436, -122.449799)"
1357,Presidio,104 P-Montgomery St,843,"(37.801249, -122.457428)"
1358,GGNRA,2400 El Camino del Mar,150,"(37.782262, -122.509126)"
1359,Presidio,11 Ralston Ave,31,"(37.80397, -122.475156)"
1360,Presidio,1155 Gorgas Ave,98,"(37.802473, -122.451639)"
1361,Presidio,173 Pena St,292,"(37.798135, -122.458082)"
1362,Presidio,1820 Wedemeyer St,16,"(37.787369, -122.47364)"
1363,Presidio,1825 Wedemeyer St,16,"(37.787641, -122.473168)"
1364,Presidio,1843 Wedemeyer St,196,"(37.787447, -122.474618)"
1365,Presidio,298 Gorgas Ave,44,"(37.803745, -122.453235)"
1366,Presidio,51 P-Ord St,130,"(37.800293, -122.460526)"
1367,Presidio,974 P-Lincoln Blvd,70,"(37.807104, -122.471947)"
1368,Presidio,2 Howard Rd,130,"(37.788298, -122.481104)"
1369,Private,197 Museum Way,73,"(37.764238, -122.438898)"
1370,Private,2446 17th St,40,"(37.765017, -122.407807)"
1371,DPW,2801 Great Hwy,85,"(37.734315, -122.507)"
1372,Presidio,746 Morton St,25,"(37.795589, -122.453199)"
1373,Presidio,874 P-Mason St,31,"(37.80337, -122.467071)"
1374,RPD,751 Point Lobos Ave,50,"(37.778819, -122.511976)"
1375,Private,50 Christmas Tree Point Rd,53,"(37.755034, -122.446597)"
1376,RPD,3100 Quintara,37,"(37.747804, -122.498516)"
1377,RPD,41 Yacht Rd,147,"(37.806726, -122.447235)"
1378,Presidio, ,80,"(37.789327, -122.461089)"
1379,Presidio,p-Hamilton St,150,"(37.807006, -122.469893)"
1380,Presidio,Marine Dr,65,"(37.809304, -122.475508)"
1381,Private,375 Berry St,210,"(37.772971, -122.397162)"
1382,Private,560 Geary St,25,"(37.786881, -122.412629)"
